frame,id,x,y,image_index,angle,opinion,agent_type,run_id,seed,epsilon,radius,total_agents,extremist_proportion
0,0,556,596,0,38,1.0,ExtremistYes,20260617_151410_608816,5,0.05,50,1000,1.0
0,1,556,691,0,-69,1.0,ExtremistYes,20260617_151410_608816,5,0.05,50,1000,1.0
0,2,350,708,0,-100,1.0,ExtremistYes,20260617_151410_608816,5,0.05,50,1000,1.0
0,3,675,84,0,36,1.0,ExtremistYes,20260617_151410_608816,5,0.05,50,1000,1.0
0,4,184,408,0,-259,1.0,ExtremistYes,20260617_151410_608816,5,0.05,50,1000,1.0
0,5,9,162,0,63,1.0,ExtremistYes,20260617_151410_608816,5,0.05,50,1000,1.0
0,6,687,575,0,-199,1.0,ExtremistYes,20260617_151410_608816,5,0.05,50,1000,1.0
0,7,598,105,0,-150,1.0,ExtremistYes,20260617_151410_608816,5,0.05,50,1000,1.0
0,8,653,156,0,48,1.0,ExtremistYes,20260617_151410_608816,5,0.05,50,1000,1.0
0,9,737,655,0,-166,1.0,ExtremistYes,20260617_151410_608816,5,0.05,50,1000,1.0
0,10,721,405,0,-194,1.0,ExtremistYes,20260617_151410_608816,5,0.05,50,1000,1.0
0,11,153,705,0,26,1.0,ExtremistYes,20260617_151410_608816,5,0.05,50,1000,1.0
0,12,725,669,0,21,1.0,ExtremistYes,20260617_151410_608816,5,0.05,50,1000,1.0
0,13,271,125,0,-198,1.0,ExtremistYes,20260617_151410_608816,5,0.05,50,1000,1.0
0,14,49,227,0,-146,1.0,ExtremistYes,20260617_151410_608816,5,0.05,50,1000,1.0
0,15,253,232,0,53,1.0,ExtremistYes,20260617_151410_608816,5,0.05,50,1000,1.0
0,16,361,236,0,-25,1.0,ExtremistYes,20260617_151410_608816,5,0.05,50,1000,1.0
0,17,528,43,0,-265,1.0,ExtremistYes,20260617_151410_608816,5,0.05,50,1000,1.0
0,18,18,562,0,-81,1.0,ExtremistYes,20260617_151410_608816,5,0.05,50,1000,1.0
0,19,14,590,0,-40,1.0,ExtremistYes,20260617_151410_608816,5,0.05,50,1000,1.0
0,20,433,8,0,-222,1.0,ExtremistYes,20260617_151410_608816,5,0.05,50,1000,1.0
0,21,137,717,0,-107,1.0,ExtremistYes,20260617_151410_608816,5,0.05,50,1000,1.0
0,22,567,698,0,-161,1.0,ExtremistYes,20260617_151410_608816,5,0.05,50,1000,1.0
0,23,259,266,0,-76,1.0,ExtremistYes,20260617_151410_608816,5,0.05,50,1000,1.0
0,24,581,81,0,81,1.0,ExtremistYes,20260617_151410_608816,5,0.05,50,1000,1.0
0,25,598,644,0,1,1.0,ExtremistYes,20260617_151410_608816,5,0.05,50,1000,1.0
0,26,710,69,0,-103,1.0,ExtremistYes,20260617_151410_608816,5,0.05,50,1000,1.0
0,27,458,689,0,-213,1.0,ExtremistYes,20260617_151410_608816,5,0.05,50,1000,1.0
0,28,693,410,0,-212,1.0,ExtremistYes,20260617_151410_608816,5,0.05,50,1000,1.0
0,29,237,134,0,-202,1.0,ExtremistYes,20260617_151410_608816,5,0.05,50,1000,1.0
0,30,113,517,0,-118,1.0,ExtremistYes,20260617_151410_608816,5,0.05,50,1000,1.0
0,31,122,36,0,-89,1.0,ExtremistYes,20260617_151410_608816,5,0.05,50,1000,1.0
0,32,401,304,0,-89,1.0,ExtremistYes,20260617_151410_608816,5,0.05,50,1000,1.0
0,33,446,621,0,-175,1.0,ExtremistYes,20260617_151410_608816,5,0.05,50,1000,1.0
0,34,315,42,0,-254,1.0,ExtremistYes,20260617_151410_608816,5,0.05,50,1000,1.0
0,35,25,370,0,-62,1.0,ExtremistYes,20260617_151410_608816,5,0.05,50,1000,1.0
0,36,98,548,0,-26,1.0,ExtremistYes,20260617_151410_608816,5,0.05,50,1000,1.0
0,37,474,591,0,-63,1.0,ExtremistYes,20260617_151410_608816,5,0.05,50,1000,1.0
0,38,327,113,0,-128,1.0,ExtremistYes,20260617_151410_608816,5,0.05,50,1000,1.0
0,39,222,339,0,-34,1.0,ExtremistYes,20260617_151410_608816,5,0.05,50,1000,1.0
0,40,640,732,0,-99,1.0,ExtremistYes,20260617_151410_608816,5,0.05,50,1000,1.0
0,41,365,547,0,-253,1.0,ExtremistYes,20260617_151410_608816,5,0.05,50,1000,1.0
0,42,217,303,0,-262,1.0,ExtremistYes,20260617_151410_608816,5,0.05,50,1000,1.0
0,43,283,742,0,-143,1.0,ExtremistYes,20260617_151410_608816,5,0.05,50,1000,1.0
0,44,471,374,0,-76,1.0,ExtremistYes,20260617_151410_608816,5,0.05,50,1000,1.0
0,45,66,205,0,-212,1.0,ExtremistYes,20260617_151410_608816,5,0.05,50,1000,1.0
0,46,651,270,0,-12,1.0,ExtremistYes,20260617_151410_608816,5,0.05,50,1000,1.0
0,47,581,520,0,-13,1.0,ExtremistYes,20260617_151410_608816,5,0.05,50,1000,1.0
0,48,569,272,0,31,1.0,ExtremistYes,20260617_151410_608816,5,0.05,50,1000,1.0
0,49,210,363,0,16,1.0,ExtremistYes,20260617_151410_608816,5,0.05,50,1000,1.0
0,50,518,219,0,-6,1.0,ExtremistYes,20260617_151410_608816,5,0.05,50,1000,1.0
0,51,488,435,0,-67,1.0,ExtremistYes,20260617_151410_608816,5,0.05,50,1000,1.0
0,52,411,188,0,-89,1.0,ExtremistYes,20260617_151410_608816,5,0.05,50,1000,1.0
0,53,347,612,0,28,1.0,ExtremistYes,20260617_151410_608816,5,0.05,50,1000,1.0
0,54,598,260,0,37,1.0,ExtremistYes,20260617_151410_608816,5,0.05,50,1000,1.0
0,55,553,620,0,38,1.0,ExtremistYes,20260617_151410_608816,5,0.05,50,1000,1.0
0,56,632,653,0,-216,1.0,ExtremistYes,20260617_151410_608816,5,0.05,50,1000,1.0
0,57,732,716,0,22,1.0,ExtremistYes,20260617_151410_608816,5,0.05,50,1000,1.0
0,58,396,125,0,87,1.0,ExtremistYes,20260617_151410_608816,5,0.05,50,1000,1.0
0,59,704,357,0,-31,1.0,ExtremistYes,20260617_151410_608816,5,0.05,50,1000,1.0
0,60,539,547,0,21,1.0,ExtremistYes,20260617_151410_608816,5,0.05,50,1000,1.0
0,61,586,437,0,-152,1.0,ExtremistYes,20260617_151410_608816,5,0.05,50,1000,1.0
0,62,315,467,0,22,1.0,ExtremistYes,20260617_151410_608816,5,0.05,50,1000,1.0
0,63,478,539,0,-9,1.0,ExtremistYes,20260617_151410_608816,5,0.05,50,1000,1.0
0,64,121,331,0,-100,1.0,ExtremistYes,20260617_151410_608816,5,0.05,50,1000,1.0
0,65,164,514,0,36,1.0,ExtremistYes,20260617_151410_608816,5,0.05,50,1000,1.0
0,66,31,353,0,43,1.0,ExtremistYes,20260617_151410_608816,5,0.05,50,1000,1.0
0,67,41,101,0,-171,1.0,ExtremistYes,20260617_151410_608816,5,0.05,50,1000,1.0
0,68,136,146,0,-204,1.0,ExtremistYes,20260617_151410_608816,5,0.05,50,1000,1.0
0,69,350,285,0,-93,1.0,ExtremistYes,20260617_151410_608816,5,0.05,50,1000,1.0
0,70,442,178,0,50,1.0,ExtremistYes,20260617_151410_608816,5,0.05,50,1000,1.0
0,71,210,307,0,-55,1.0,ExtremistYes,20260617_151410_608816,5,0.05,50,1000,1.0
0,72,624,281,0,-131,1.0,ExtremistYes,20260617_151410_608816,5,0.05,50,1000,1.0
0,73,461,71,0,-103,1.0,ExtremistYes,20260617_151410_608816,5,0.05,50,1000,1.0
0,74,254,435,0,74,1.0,ExtremistYes,20260617_151410_608816,5,0.05,50,1000,1.0
0,75,615,314,0,-79,1.0,ExtremistYes,20260617_151410_608816,5,0.05,50,1000,1.0
0,76,482,276,0,-29,1.0,ExtremistYes,20260617_151410_608816,5,0.05,50,1000,1.0
0,77,448,424,0,-141,1.0,ExtremistYes,20260617_151410_608816,5,0.05,50,1000,1.0
0,78,727,456,0,-85,1.0,ExtremistYes,20260617_151410_608816,5,0.05,50,1000,1.0
0,79,80,425,0,-216,1.0,ExtremistYes,20260617_151410_608816,5,0.05,50,1000,1.0
0,80,105,471,0,49,1.0,ExtremistYes,20260617_151410_608816,5,0.05,50,1000,1.0
0,81,283,323,0,-51,1.0,ExtremistYes,20260617_151410_608816,5,0.05,50,1000,1.0
0,82,219,730,0,-171,1.0,ExtremistYes,20260617_151410_608816,5,0.05,50,1000,1.0
0,83,720,686,0,-227,1.0,ExtremistYes,20260617_151410_608816,5,0.05,50,1000,1.0
0,84,194,735,0,53,1.0,ExtremistYes,20260617_151410_608816,5,0.05,50,1000,1.0
0,85,311,239,0,-269,1.0,ExtremistYes,20260617_151410_608816,5,0.05,50,1000,1.0
0,86,370,215,0,-84,1.0,ExtremistYes,20260617_151410_608816,5,0.05,50,1000,1.0
0,87,90,467,0,-255,1.0,ExtremistYes,20260617_151410_608816,5,0.05,50,1000,1.0
0,88,219,586,0,-258,1.0,ExtremistYes,20260617_151410_608816,5,0.05,50,1000,1.0
0,89,10,399,0,-28,1.0,ExtremistYes,20260617_151410_608816,5,0.05,50,1000,1.0
0,90,701,587,0,-189,1.0,ExtremistYes,20260617_151410_608816,5,0.05,50,1000,1.0
0,91,201,117,0,-168,1.0,ExtremistYes,20260617_151410_608816,5,0.05,50,1000,1.0
0,92,221,456,0,-86,1.0,ExtremistYes,20260617_151410_608816,5,0.05,50,1000,1.0
0,93,483,453,0,-261,1.0,ExtremistYes,20260617_151410_608816,5,0.05,50,1000,1.0
0,94,89,569,0,2,1.0,ExtremistYes,20260617_151410_608816,5,0.05,50,1000,1.0
0,95,400,253,0,-198,1.0,ExtremistYes,20260617_151410_608816,5,0.05,50,1000,1.0
0,96,397,349,0,-190,1.0,ExtremistYes,20260617_151410_608816,5,0.05,50,1000,1.0
0,97,558,444,0,-218,1.0,ExtremistYes,20260617_151410_608816,5,0.05,50,1000,1.0
0,98,190,342,0,-95,1.0,ExtremistYes,20260617_151410_608816,5,0.05,50,1000,1.0
0,99,667,409,0,-60,1.0,ExtremistYes,20260617_151410_608816,5,0.05,50,1000,1.0
0,100,585,321,0,-95,1.0,ExtremistYes,20260617_151410_608816,5,0.05,50,1000,1.0
0,101,530,474,0,63,1.0,ExtremistYes,20260617_151410_608816,5,0.05,50,1000,1.0
0,102,683,289,0,-264,1.0,ExtremistYes,20260617_151410_608816,5,0.05,50,1000,1.0
0,103,638,148,0,-231,1.0,ExtremistYes,20260617_151410_608816,5,0.05,50,1000,1.0
0,104,622,51,0,-187,1.0,ExtremistYes,20260617_151410_608816,5,0.05,50,1000,1.0
0,105,521,324,0,-31,1.0,ExtremistYes,20260617_151410_608816,5,0.05,50,1000,1.0
0,106,585,684,0,-193,1.0,ExtremistYes,20260617_151410_608816,5,0.05,50,1000,1.0
0,107,359,413,0,-141,1.0,ExtremistYes,20260617_151410_608816,5,0.05,50,1000,1.0
0,108,247,115,0,-262,1.0,ExtremistYes,20260617_151410_608816,5,0.05,50,1000,1.0
0,109,608,51,0,59,1.0,ExtremistYes,20260617_151410_608816,5,0.05,50,1000,1.0
0,110,615,595,0,-179,1.0,ExtremistYes,20260617_151410_608816,5,0.05,50,1000,1.0
0,111,19,541,0,38,1.0,ExtremistYes,20260617_151410_608816,5,0.05,50,1000,1.0
0,112,38,631,0,-82,1.0,ExtremistYes,20260617_151410_608816,5,0.05,50,1000,1.0
0,113,484,715,0,-176,1.0,ExtremistYes,20260617_151410_608816,5,0.05,50,1000,1.0
0,114,101,218,0,14,1.0,ExtremistYes,20260617_151410_608816,5,0.05,50,1000,1.0
0,115,113,457,0,-60,1.0,ExtremistYes,20260617_151410_608816,5,0.05,50,1000,1.0
0,116,120,467,0,-239,1.0,ExtremistYes,20260617_151410_608816,5,0.05,50,1000,1.0
0,117,82,285,0,-104,1.0,ExtremistYes,20260617_151410_608816,5,0.05,50,1000,1.0
0,118,44,432,0,-116,1.0,ExtremistYes,20260617_151410_608816,5,0.05,50,1000,1.0
0,119,659,100,0,3,1.0,ExtremistYes,20260617_151410_608816,5,0.05,50,1000,1.0
0,120,235,451,0,-245,1.0,ExtremistYes,20260617_151410_608816,5,0.05,50,1000,1.0
0,121,703,281,0,-266,1.0,ExtremistYes,20260617_151410_608816,5,0.05,50,1000,1.0
0,122,524,114,0,-110,1.0,ExtremistYes,20260617_151410_608816,5,0.05,50,1000,1.0
0,123,379,682,0,46,1.0,ExtremistYes,20260617_151410_608816,5,0.05,50,1000,1.0
0,124,465,197,0,70,1.0,ExtremistYes,20260617_151410_608816,5,0.05,50,1000,1.0
0,125,190,563,0,71,1.0,ExtremistYes,20260617_151410_608816,5,0.05,50,1000,1.0
0,126,99,176,0,84,1.0,ExtremistYes,20260617_151410_608816,5,0.05,50,1000,1.0
0,127,552,135,0,-227,1.0,ExtremistYes,20260617_151410_608816,5,0.05,50,1000,1.0
0,128,491,63,0,13,1.0,ExtremistYes,20260617_151410_608816,5,0.05,50,1000,1.0
0,129,68,93,0,30,1.0,ExtremistYes,20260617_151410_608816,5,0.05,50,1000,1.0
0,130,178,657,0,56,1.0,ExtremistYes,20260617_151410_608816,5,0.05,50,1000,1.0
0,131,241,597,0,-263,1.0,ExtremistYes,20260617_151410_608816,5,0.05,50,1000,1.0
0,132,545,41,0,-108,1.0,ExtremistYes,20260617_151410_608816,5,0.05,50,1000,1.0
0,133,715,512,0,-144,1.0,ExtremistYes,20260617_151410_608816,5,0.05,50,1000,1.0
0,134,87,730,0,-163,1.0,ExtremistYes,20260617_151410_608816,5,0.05,50,1000,1.0
0,135,615,104,0,24,1.0,ExtremistYes,20260617_151410_608816,5,0.05,50,1000,1.0
0,136,265,176,0,45,1.0,ExtremistYes,20260617_151410_608816,5,0.05,50,1000,1.0
0,137,460,262,0,-218,1.0,ExtremistYes,20260617_151410_608816,5,0.05,50,1000,1.0
0,138,102,624,0,-229,1.0,ExtremistYes,20260617_151410_608816,5,0.05,50,1000,1.0
0,139,603,324,0,37,1.0,ExtremistYes,20260617_151410_608816,5,0.05,50,1000,1.0
0,140,389,444,0,-37,1.0,ExtremistYes,20260617_151410_608816,5,0.05,50,1000,1.0
0,141,554,296,0,64,1.0,ExtremistYes,20260617_151410_608816,5,0.05,50,1000,1.0
0,142,26,152,0,-125,1.0,ExtremistYes,20260617_151410_608816,5,0.05,50,1000,1.0
0,143,668,361,0,-104,1.0,ExtremistYes,20260617_151410_608816,5,0.05,50,1000,1.0
0,144,667,464,0,-5,1.0,ExtremistYes,20260617_151410_608816,5,0.05,50,1000,1.0
0,145,348,75,0,-244,1.0,ExtremistYes,20260617_151410_608816,5,0.05,50,1000,1.0
0,146,120,282,0,-146,1.0,ExtremistYes,20260617_151410_608816,5,0.05,50,1000,1.0
0,147,660,115,0,-229,1.0,ExtremistYes,20260617_151410_608816,5,0.05,50,1000,1.0
0,148,208,122,0,-181,1.0,ExtremistYes,20260617_151410_608816,5,0.05,50,1000,1.0
0,149,176,362,0,-196,1.0,ExtremistYes,20260617_151410_608816,5,0.05,50,1000,1.0
0,150,694,277,0,-102,1.0,ExtremistYes,20260617_151410_608816,5,0.05,50,1000,1.0
0,151,517,505,0,-68,1.0,ExtremistYes,20260617_151410_608816,5,0.05,50,1000,1.0
0,152,708,89,0,-258,1.0,ExtremistYes,20260617_151410_608816,5,0.05,50,1000,1.0
0,153,218,505,0,29,1.0,ExtremistYes,20260617_151410_608816,5,0.05,50,1000,1.0
0,154,122,150,0,7,1.0,ExtremistYes,20260617_151410_608816,5,0.05,50,1000,1.0
0,155,174,59,0,-99,1.0,ExtremistYes,20260617_151410_608816,5,0.05,50,1000,1.0
0,156,729,274,0,-236,1.0,ExtremistYes,20260617_151410_608816,5,0.05,50,1000,1.0
0,157,351,213,0,-200,1.0,ExtremistYes,20260617_151410_608816,5,0.05,50,1000,1.0
0,158,538,122,0,6,1.0,ExtremistYes,20260617_151410_608816,5,0.05,50,1000,1.0
0,159,504,706,0,-177,1.0,ExtremistYes,20260617_151410_608816,5,0.05,50,1000,1.0
0,160,322,731,0,37,1.0,ExtremistYes,20260617_151410_608816,5,0.05,50,1000,1.0
0,161,47,584,0,-92,1.0,ExtremistYes,20260617_151410_608816,5,0.05,50,1000,1.0
0,162,33,412,0,-238,1.0,ExtremistYes,20260617_151410_608816,5,0.05,50,1000,1.0
0,163,390,262,0,-86,1.0,ExtremistYes,20260617_151410_608816,5,0.05,50,1000,1.0
0,164,54,675,0,-124,1.0,ExtremistYes,20260617_151410_608816,5,0.05,50,1000,1.0
0,165,701,40,0,-267,1.0,ExtremistYes,20260617_151410_608816,5,0.05,50,1000,1.0
0,166,38,299,0,-178,1.0,ExtremistYes,20260617_151410_608816,5,0.05,50,1000,1.0
0,167,193,306,0,-112,1.0,ExtremistYes,20260617_151410_608816,5,0.05,50,1000,1.0
0,168,38,29,0,-200,1.0,ExtremistYes,20260617_151410_608816,5,0.05,50,1000,1.0
0,169,136,381,0,-80,1.0,ExtremistYes,20260617_151410_608816,5,0.05,50,1000,1.0
0,170,398,64,0,-235,1.0,ExtremistYes,20260617_151410_608816,5,0.05,50,1000,1.0
0,171,81,407,0,-203,1.0,ExtremistYes,20260617_151410_608816,5,0.05,50,1000,1.0
0,172,450,642,0,-64,1.0,ExtremistYes,20260617_151410_608816,5,0.05,50,1000,1.0
0,173,13,406,0,-174,1.0,ExtremistYes,20260617_151410_608816,5,0.05,50,1000,1.0
0,174,428,283,0,-265,1.0,ExtremistYes,20260617_151410_608816,5,0.05,50,1000,1.0
0,175,544,684,0,35,1.0,ExtremistYes,20260617_151410_608816,5,0.05,50,1000,1.0
0,176,336,621,0,-201,1.0,ExtremistYes,20260617_151410_608816,5,0.05,50,1000,1.0
0,177,87,235,0,-171,1.0,ExtremistYes,20260617_151410_608816,5,0.05,50,1000,1.0
0,178,580,615,0,-122,1.0,ExtremistYes,20260617_151410_608816,5,0.05,50,1000,1.0
0,179,97,62,0,-203,1.0,ExtremistYes,20260617_151410_608816,5,0.05,50,1000,1.0
0,180,63,322,0,-169,1.0,ExtremistYes,20260617_151410_608816,5,0.05,50,1000,1.0
0,181,183,46,0,56,1.0,ExtremistYes,20260617_151410_608816,5,0.05,50,1000,1.0
0,182,36,149,0,18,1.0,ExtremistYes,20260617_151410_608816,5,0.05,50,1000,1.0
0,183,280,75,0,-185,1.0,ExtremistYes,20260617_151410_608816,5,0.05,50,1000,1.0
0,184,235,565,0,-246,1.0,ExtremistYes,20260617_151410_608816,5,0.05,50,1000,1.0
0,185,671,490,0,70,1.0,ExtremistYes,20260617_151410_608816,5,0.05,50,1000,1.0
0,186,431,331,0,-3,1.0,ExtremistYes,20260617_151410_608816,5,0.05,50,1000,1.0
0,187,492,715,0,-24,1.0,ExtremistYes,20260617_151410_608816,5,0.05,50,1000,1.0
0,188,526,200,0,8,1.0,ExtremistYes,20260617_151410_608816,5,0.05,50,1000,1.0
0,189,287,97,0,-22,1.0,ExtremistYes,20260617_151410_608816,5,0.05,50,1000,1.0
0,190,128,197,0,-113,1.0,ExtremistYes,20260617_151410_608816,5,0.05,50,1000,1.0
0,191,214,47,0,27,1.0,ExtremistYes,20260617_151410_608816,5,0.05,50,1000,1.0
0,192,418,20,0,-5,1.0,ExtremistYes,20260617_151410_608816,5,0.05,50,1000,1.0
0,193,99,268,0,-108,1.0,ExtremistYes,20260617_151410_608816,5,0.05,50,1000,1.0
0,194,713,458,0,-40,1.0,ExtremistYes,20260617_151410_608816,5,0.05,50,1000,1.0
0,195,322,273,0,-173,1.0,ExtremistYes,20260617_151410_608816,5,0.05,50,1000,1.0
0,196,9,439,0,-200,1.0,ExtremistYes,20260617_151410_608816,5,0.05,50,1000,1.0
0,197,546,71,0,-28,1.0,ExtremistYes,20260617_151410_608816,5,0.05,50,1000,1.0
0,198,127,532,0,74,1.0,ExtremistYes,20260617_151410_608816,5,0.05,50,1000,1.0
0,199,703,596,0,-257,1.0,ExtremistYes,20260617_151410_608816,5,0.05,50,1000,1.0
0,200,239,687,0,-134,1.0,ExtremistYes,20260617_151410_608816,5,0.05,50,1000,1.0
0,201,325,331,0,-256,1.0,ExtremistYes,20260617_151410_608816,5,0.05,50,1000,1.0
0,202,702,398,0,-6,1.0,ExtremistYes,20260617_151410_608816,5,0.05,50,1000,1.0
0,203,448,77,0,-77,1.0,ExtremistYes,20260617_151410_608816,5,0.05,50,1000,1.0
0,204,315,38,0,-23,1.0,ExtremistYes,20260617_151410_608816,5,0.05,50,1000,1.0
0,205,26,433,0,-82,1.0,ExtremistYes,20260617_151410_608816,5,0.05,50,1000,1.0
0,206,660,295,0,-264,1.0,ExtremistYes,20260617_151410_608816,5,0.05,50,1000,1.0
0,207,208,152,0,-168,1.0,ExtremistYes,20260617_151410_608816,5,0.05,50,1000,1.0
0,208,267,563,0,68,1.0,ExtremistYes,20260617_151410_608816,5,0.05,50,1000,1.0
0,209,264,187,0,-177,1.0,ExtremistYes,20260617_151410_608816,5,0.05,50,1000,1.0
0,210,631,637,0,-84,1.0,ExtremistYes,20260617_151410_608816,5,0.05,50,1000,1.0
0,211,300,107,0,47,1.0,ExtremistYes,20260617_151410_608816,5,0.05,50,1000,1.0
0,212,368,27,0,-29,1.0,ExtremistYes,20260617_151410_608816,5,0.05,50,1000,1.0
0,213,75,539,0,-151,1.0,ExtremistYes,20260617_151410_608816,5,0.05,50,1000,1.0
0,214,150,597,0,-54,1.0,ExtremistYes,20260617_151410_608816,5,0.05,50,1000,1.0
0,215,512,648,0,-204,1.0,ExtremistYes,20260617_151410_608816,5,0.05,50,1000,1.0
0,216,600,282,0,46,1.0,ExtremistYes,20260617_151410_608816,5,0.05,50,1000,1.0
0,217,385,440,0,-94,1.0,ExtremistYes,20260617_151410_608816,5,0.05,50,1000,1.0
0,218,292,239,0,-148,1.0,ExtremistYes,20260617_151410_608816,5,0.05,50,1000,1.0
0,219,235,287,0,-100,1.0,ExtremistYes,20260617_151410_608816,5,0.05,50,1000,1.0
0,220,527,299,0,-262,1.0,ExtremistYes,20260617_151410_608816,5,0.05,50,1000,1.0
0,221,613,693,0,-84,1.0,ExtremistYes,20260617_151410_608816,5,0.05,50,1000,1.0
0,222,502,402,0,14,1.0,ExtremistYes,20260617_151410_608816,5,0.05,50,1000,1.0
0,223,272,444,0,-18,1.0,ExtremistYes,20260617_151410_608816,5,0.05,50,1000,1.0
0,224,391,212,0,25,1.0,ExtremistYes,20260617_151410_608816,5,0.05,50,1000,1.0
0,225,66,267,0,-118,1.0,ExtremistYes,20260617_151410_608816,5,0.05,50,1000,1.0
0,226,569,535,0,61,1.0,ExtremistYes,20260617_151410_608816,5,0.05,50,1000,1.0
0,227,697,207,0,-200,1.0,ExtremistYes,20260617_151410_608816,5,0.05,50,1000,1.0
0,228,54,564,0,10,1.0,ExtremistYes,20260617_151410_608816,5,0.05,50,1000,1.0
0,229,717,672,0,29,1.0,ExtremistYes,20260617_151410_608816,5,0.05,50,1000,1.0
0,230,628,553,0,19,1.0,ExtremistYes,20260617_151410_608816,5,0.05,50,1000,1.0
0,231,156,387,0,50,1.0,ExtremistYes,20260617_151410_608816,5,0.05,50,1000,1.0
0,232,180,730,0,-53,1.0,ExtremistYes,20260617_151410_608816,5,0.05,50,1000,1.0
0,233,292,133,0,74,1.0,ExtremistYes,20260617_151410_608816,5,0.05,50,1000,1.0
0,234,674,682,0,35,1.0,ExtremistYes,20260617_151410_608816,5,0.05,50,1000,1.0
0,235,289,81,0,49,1.0,ExtremistYes,20260617_151410_608816,5,0.05,50,1000,1.0
0,236,415,536,0,22,1.0,ExtremistYes,20260617_151410_608816,5,0.05,50,1000,1.0
0,237,664,160,0,-225,1.0,ExtremistYes,20260617_151410_608816,5,0.05,50,1000,1.0
0,238,200,468,0,-200,1.0,ExtremistYes,20260617_151410_608816,5,0.05,50,1000,1.0
0,239,126,474,0,-53,1.0,ExtremistYes,20260617_151410_608816,5,0.05,50,1000,1.0
0,240,169,46,0,-6,1.0,ExtremistYes,20260617_151410_608816,5,0.05,50,1000,1.0
0,241,622,659,0,66,1.0,ExtremistYes,20260617_151410_608816,5,0.05,50,1000,1.0
0,242,312,318,0,8,1.0,ExtremistYes,20260617_151410_608816,5,0.05,50,1000,1.0
0,243,678,227,0,80,1.0,ExtremistYes,20260617_151410_608816,5,0.05,50,1000,1.0
0,244,454,726,0,-191,1.0,ExtremistYes,20260617_151410_608816,5,0.05,50,1000,1.0
0,245,23,88,0,-157,1.0,ExtremistYes,20260617_151410_608816,5,0.05,50,1000,1.0
0,246,452,138,0,67,1.0,ExtremistYes,20260617_151410_608816,5,0.05,50,1000,1.0
0,247,446,486,0,-159,1.0,ExtremistYes,20260617_151410_608816,5,0.05,50,1000,1.0
0,248,546,45,0,22,1.0,ExtremistYes,20260617_151410_608816,5,0.05,50,1000,1.0
0,249,625,718,0,-264,1.0,ExtremistYes,20260617_151410_608816,5,0.05,50,1000,1.0
0,250,637,485,0,-205,1.0,ExtremistYes,20260617_151410_608816,5,0.05,50,1000,1.0
0,251,173,522,0,-64,1.0,ExtremistYes,20260617_151410_608816,5,0.05,50,1000,1.0
0,252,358,75,0,-33,1.0,ExtremistYes,20260617_151410_608816,5,0.05,50,1000,1.0
0,253,118,71,0,-160,1.0,ExtremistYes,20260617_151410_608816,5,0.05,50,1000,1.0
0,254,462,79,0,-145,1.0,ExtremistYes,20260617_151410_608816,5,0.05,50,1000,1.0
0,255,552,611,0,-3,1.0,ExtremistYes,20260617_151410_608816,5,0.05,50,1000,1.0
0,256,535,692,0,-19,1.0,ExtremistYes,20260617_151410_608816,5,0.05,50,1000,1.0
0,257,470,724,0,-74,1.0,ExtremistYes,20260617_151410_608816,5,0.05,50,1000,1.0
0,258,78,49,0,-120,1.0,ExtremistYes,20260617_151410_608816,5,0.05,50,1000,1.0
0,259,281,345,0,-164,1.0,ExtremistYes,20260617_151410_608816,5,0.05,50,1000,1.0
0,260,557,62,0,25,1.0,ExtremistYes,20260617_151410_608816,5,0.05,50,1000,1.0
0,261,407,282,0,-235,1.0,ExtremistYes,20260617_151410_608816,5,0.05,50,1000,1.0
0,262,449,281,0,-132,1.0,ExtremistYes,20260617_151410_608816,5,0.05,50,1000,1.0
0,263,371,721,0,24,1.0,ExtremistYes,20260617_151410_608816,5,0.05,50,1000,1.0
0,264,55,570,0,-70,1.0,ExtremistYes,20260617_151410_608816,5,0.05,50,1000,1.0
0,265,222,87,0,10,1.0,ExtremistYes,20260617_151410_608816,5,0.05,50,1000,1.0
0,266,265,553,0,-262,1.0,ExtremistYes,20260617_151410_608816,5,0.05,50,1000,1.0
0,267,287,217,0,-61,1.0,ExtremistYes,20260617_151410_608816,5,0.05,50,1000,1.0
0,268,522,592,0,-270,1.0,ExtremistYes,20260617_151410_608816,5,0.05,50,1000,1.0
0,269,221,252,0,60,1.0,ExtremistYes,20260617_151410_608816,5,0.05,50,1000,1.0
0,270,390,37,0,-35,1.0,ExtremistYes,20260617_151410_608816,5,0.05,50,1000,1.0
0,271,177,500,0,-241,1.0,ExtremistYes,20260617_151410_608816,5,0.05,50,1000,1.0
0,272,204,72,0,-115,1.0,ExtremistYes,20260617_151410_608816,5,0.05,50,1000,1.0
0,273,737,406,0,-262,1.0,ExtremistYes,20260617_151410_608816,5,0.05,50,1000,1.0
0,274,700,70,0,-229,1.0,ExtremistYes,20260617_151410_608816,5,0.05,50,1000,1.0
0,275,574,272,0,-218,1.0,ExtremistYes,20260617_151410_608816,5,0.05,50,1000,1.0
0,276,189,344,0,-100,1.0,ExtremistYes,20260617_151410_608816,5,0.05,50,1000,1.0
0,277,387,41,0,-228,1.0,ExtremistYes,20260617_151410_608816,5,0.05,50,1000,1.0
0,278,731,333,0,-169,1.0,ExtremistYes,20260617_151410_608816,5,0.05,50,1000,1.0
0,279,63,210,0,-260,1.0,ExtremistYes,20260617_151410_608816,5,0.05,50,1000,1.0
0,280,516,381,0,-74,1.0,ExtremistYes,20260617_151410_608816,5,0.05,50,1000,1.0
0,281,295,584,0,-109,1.0,ExtremistYes,20260617_151410_608816,5,0.05,50,1000,1.0
0,282,444,677,0,-246,1.0,ExtremistYes,20260617_151410_608816,5,0.05,50,1000,1.0
0,283,476,26,0,38,1.0,ExtremistYes,20260617_151410_608816,5,0.05,50,1000,1.0
0,284,578,310,0,-99,1.0,ExtremistYes,20260617_151410_608816,5,0.05,50,1000,1.0
0,285,620,686,0,-45,1.0,ExtremistYes,20260617_151410_608816,5,0.05,50,1000,1.0
0,286,668,112,0,-226,1.0,ExtremistYes,20260617_151410_608816,5,0.05,50,1000,1.0
0,287,317,728,0,-11,1.0,ExtremistYes,20260617_151410_608816,5,0.05,50,1000,1.0
0,288,164,316,0,-88,1.0,ExtremistYes,20260617_151410_608816,5,0.05,50,1000,1.0
0,289,352,216,0,-188,1.0,ExtremistYes,20260617_151410_608816,5,0.05,50,1000,1.0
0,290,92,126,0,35,1.0,ExtremistYes,20260617_151410_608816,5,0.05,50,1000,1.0
0,291,54,286,0,-255,1.0,ExtremistYes,20260617_151410_608816,5,0.05,50,1000,1.0
0,292,665,147,0,-53,1.0,ExtremistYes,20260617_151410_608816,5,0.05,50,1000,1.0
0,293,622,721,0,-97,1.0,ExtremistYes,20260617_151410_608816,5,0.05,50,1000,1.0
0,294,101,177,0,54,1.0,ExtremistYes,20260617_151410_608816,5,0.05,50,1000,1.0
0,295,704,23,0,-61,1.0,ExtremistYes,20260617_151410_608816,5,0.05,50,1000,1.0
0,296,322,201,0,-157,1.0,ExtremistYes,20260617_151410_608816,5,0.05,50,1000,1.0
0,297,280,580,0,-1,1.0,ExtremistYes,20260617_151410_608816,5,0.05,50,1000,1.0
0,298,389,732,0,-148,1.0,ExtremistYes,20260617_151410_608816,5,0.05,50,1000,1.0
0,299,67,82,0,17,1.0,ExtremistYes,20260617_151410_608816,5,0.05,50,1000,1.0
0,300,281,276,0,38,1.0,ExtremistYes,20260617_151410_608816,5,0.05,50,1000,1.0
0,301,435,725,0,-258,1.0,ExtremistYes,20260617_151410_608816,5,0.05,50,1000,1.0
0,302,427,198,0,-177,1.0,ExtremistYes,20260617_151410_608816,5,0.05,50,1000,1.0
0,303,548,100,0,65,1.0,ExtremistYes,20260617_151410_608816,5,0.05,50,1000,1.0
0,304,528,6,0,-263,1.0,ExtremistYes,20260617_151410_608816,5,0.05,50,1000,1.0
0,305,314,377,0,-16,1.0,ExtremistYes,20260617_151410_608816,5,0.05,50,1000,1.0
0,306,594,41,0,48,1.0,ExtremistYes,20260617_151410_608816,5,0.05,50,1000,1.0
0,307,28,289,0,-267,1.0,ExtremistYes,20260617_151410_608816,5,0.05,50,1000,1.0
0,308,16,224,0,-212,1.0,ExtremistYes,20260617_151410_608816,5,0.05,50,1000,1.0
0,309,490,694,0,-252,1.0,ExtremistYes,20260617_151410_608816,5,0.05,50,1000,1.0
0,310,397,536,0,-223,1.0,ExtremistYes,20260617_151410_608816,5,0.05,50,1000,1.0
0,311,713,741,0,-74,1.0,ExtremistYes,20260617_151410_608816,5,0.05,50,1000,1.0
0,312,125,700,0,-199,1.0,ExtremistYes,20260617_151410_608816,5,0.05,50,1000,1.0
0,313,337,553,0,-118,1.0,ExtremistYes,20260617_151410_608816,5,0.05,50,1000,1.0
0,314,291,693,0,84,1.0,ExtremistYes,20260617_151410_608816,5,0.05,50,1000,1.0
0,315,413,623,0,-198,1.0,ExtremistYes,20260617_151410_608816,5,0.05,50,1000,1.0
0,316,264,371,0,-140,1.0,ExtremistYes,20260617_151410_608816,5,0.05,50,1000,1.0
0,317,155,340,0,66,1.0,ExtremistYes,20260617_151410_608816,5,0.05,50,1000,1.0
0,318,67,257,0,-112,1.0,ExtremistYes,20260617_151410_608816,5,0.05,50,1000,1.0
0,319,726,198,0,-142,1.0,ExtremistYes,20260617_151410_608816,5,0.05,50,1000,1.0
0,320,588,557,0,-189,1.0,ExtremistYes,20260617_151410_608816,5,0.05,50,1000,1.0
0,321,622,470,0,-184,1.0,ExtremistYes,20260617_151410_608816,5,0.05,50,1000,1.0
0,322,471,185,0,-230,1.0,ExtremistYes,20260617_151410_608816,5,0.05,50,1000,1.0
0,323,657,330,0,-185,1.0,ExtremistYes,20260617_151410_608816,5,0.05,50,1000,1.0
0,324,134,102,0,-60,1.0,ExtremistYes,20260617_151410_608816,5,0.05,50,1000,1.0
0,325,556,421,0,-108,1.0,ExtremistYes,20260617_151410_608816,5,0.05,50,1000,1.0
0,326,33,618,0,-93,1.0,ExtremistYes,20260617_151410_608816,5,0.05,50,1000,1.0
0,327,652,30,0,-268,1.0,ExtremistYes,20260617_151410_608816,5,0.05,50,1000,1.0
0,328,87,540,0,58,1.0,ExtremistYes,20260617_151410_608816,5,0.05,50,1000,1.0
0,329,458,165,0,50,1.0,ExtremistYes,20260617_151410_608816,5,0.05,50,1000,1.0
0,330,84,48,0,-72,1.0,ExtremistYes,20260617_151410_608816,5,0.05,50,1000,1.0
0,331,69,49,0,24,1.0,ExtremistYes,20260617_151410_608816,5,0.05,50,1000,1.0
0,332,486,669,0,-256,1.0,ExtremistYes,20260617_151410_608816,5,0.05,50,1000,1.0
0,333,52,481,0,10,1.0,ExtremistYes,20260617_151410_608816,5,0.05,50,1000,1.0
0,334,91,565,0,-34,1.0,ExtremistYes,20260617_151410_608816,5,0.05,50,1000,1.0
0,335,569,388,0,-183,1.0,ExtremistYes,20260617_151410_608816,5,0.05,50,1000,1.0
0,336,350,116,0,-55,1.0,ExtremistYes,20260617_151410_608816,5,0.05,50,1000,1.0
0,337,198,711,0,-177,1.0,ExtremistYes,20260617_151410_608816,5,0.05,50,1000,1.0
0,338,66,266,0,-164,1.0,ExtremistYes,20260617_151410_608816,5,0.05,50,1000,1.0
0,339,320,467,0,-118,1.0,ExtremistYes,20260617_151410_608816,5,0.05,50,1000,1.0
0,340,131,103,0,36,1.0,ExtremistYes,20260617_151410_608816,5,0.05,50,1000,1.0
0,341,514,335,0,-267,1.0,ExtremistYes,20260617_151410_608816,5,0.05,50,1000,1.0
0,342,683,108,0,64,1.0,ExtremistYes,20260617_151410_608816,5,0.05,50,1000,1.0
0,343,370,403,0,-186,1.0,ExtremistYes,20260617_151410_608816,5,0.05,50,1000,1.0
0,344,417,496,0,-63,1.0,ExtremistYes,20260617_151410_608816,5,0.05,50,1000,1.0
0,345,587,627,0,-241,1.0,ExtremistYes,20260617_151410_608816,5,0.05,50,1000,1.0
0,346,81,195,0,-196,1.0,ExtremistYes,20260617_151410_608816,5,0.05,50,1000,1.0
0,347,667,199,0,-219,1.0,ExtremistYes,20260617_151410_608816,5,0.05,50,1000,1.0
0,348,480,717,0,52,1.0,ExtremistYes,20260617_151410_608816,5,0.05,50,1000,1.0
0,349,578,253,0,-132,1.0,ExtremistYes,20260617_151410_608816,5,0.05,50,1000,1.0
0,350,475,634,0,-127,1.0,ExtremistYes,20260617_151410_608816,5,0.05,50,1000,1.0
0,351,37,729,0,60,1.0,ExtremistYes,20260617_151410_608816,5,0.05,50,1000,1.0
0,352,476,544,0,-229,1.0,ExtremistYes,20260617_151410_608816,5,0.05,50,1000,1.0
0,353,306,248,0,-184,1.0,ExtremistYes,20260617_151410_608816,5,0.05,50,1000,1.0
0,354,49,538,0,-125,1.0,ExtremistYes,20260617_151410_608816,5,0.05,50,1000,1.0
0,355,651,48,0,-238,1.0,ExtremistYes,20260617_151410_608816,5,0.05,50,1000,1.0
0,356,135,709,0,-199,1.0,ExtremistYes,20260617_151410_608816,5,0.05,50,1000,1.0
0,357,673,379,0,-15,1.0,ExtremistYes,20260617_151410_608816,5,0.05,50,1000,1.0
0,358,313,170,0,-136,1.0,ExtremistYes,20260617_151410_608816,5,0.05,50,1000,1.0
0,359,425,218,0,-100,1.0,ExtremistYes,20260617_151410_608816,5,0.05,50,1000,1.0
0,360,384,701,0,-129,1.0,ExtremistYes,20260617_151410_608816,5,0.05,50,1000,1.0
0,361,351,77,0,-79,1.0,ExtremistYes,20260617_151410_608816,5,0.05,50,1000,1.0
0,362,86,402,0,-7,1.0,ExtremistYes,20260617_151410_608816,5,0.05,50,1000,1.0
0,363,741,408,0,-120,1.0,ExtremistYes,20260617_151410_608816,5,0.05,50,1000,1.0
0,364,203,414,0,-250,1.0,ExtremistYes,20260617_151410_608816,5,0.05,50,1000,1.0
0,365,322,157,0,-73,1.0,ExtremistYes,20260617_151410_608816,5,0.05,50,1000,1.0
0,366,688,286,0,85,1.0,ExtremistYes,20260617_151410_608816,5,0.05,50,1000,1.0
0,367,688,243,0,35,1.0,ExtremistYes,20260617_151410_608816,5,0.05,50,1000,1.0
0,368,397,104,0,-22,1.0,ExtremistYes,20260617_151410_608816,5,0.05,50,1000,1.0
0,369,705,350,0,-109,1.0,ExtremistYes,20260617_151410_608816,5,0.05,50,1000,1.0
0,370,687,431,0,-250,1.0,ExtremistYes,20260617_151410_608816,5,0.05,50,1000,1.0
0,371,212,558,0,90,1.0,ExtremistYes,20260617_151410_608816,5,0.05,50,1000,1.0
0,372,353,570,0,-178,1.0,ExtremistYes,20260617_151410_608816,5,0.05,50,1000,1.0
0,373,100,151,0,52,1.0,ExtremistYes,20260617_151410_608816,5,0.05,50,1000,1.0
0,374,546,76,0,20,1.0,ExtremistYes,20260617_151410_608816,5,0.05,50,1000,1.0
0,375,101,126,0,-89,1.0,ExtremistYes,20260617_151410_608816,5,0.05,50,1000,1.0
0,376,336,465,0,-129,1.0,ExtremistYes,20260617_151410_608816,5,0.05,50,1000,1.0
0,377,123,523,0,-39,1.0,ExtremistYes,20260617_151410_608816,5,0.05,50,1000,1.0
0,378,436,190,0,-129,1.0,ExtremistYes,20260617_151410_608816,5,0.05,50,1000,1.0
0,379,39,541,0,-225,1.0,ExtremistYes,20260617_151410_608816,5,0.05,50,1000,1.0
0,380,574,253,0,-136,1.0,ExtremistYes,20260617_151410_608816,5,0.05,50,1000,1.0
0,381,478,366,0,63,1.0,ExtremistYes,20260617_151410_608816,5,0.05,50,1000,1.0
0,382,690,211,0,-39,1.0,ExtremistYes,20260617_151410_608816,5,0.05,50,1000,1.0
0,383,657,100,0,-210,1.0,ExtremistYes,20260617_151410_608816,5,0.05,50,1000,1.0
0,384,310,733,0,-232,1.0,ExtremistYes,20260617_151410_608816,5,0.05,50,1000,1.0
0,385,492,568,0,-136,1.0,ExtremistYes,20260617_151410_608816,5,0.05,50,1000,1.0
0,386,234,639,0,8,1.0,ExtremistYes,20260617_151410_608816,5,0.05,50,1000,1.0
0,387,315,627,0,33,1.0,ExtremistYes,20260617_151410_608816,5,0.05,50,1000,1.0
0,388,254,548,0,27,1.0,ExtremistYes,20260617_151410_608816,5,0.05,50,1000,1.0
0,389,533,461,0,88,1.0,ExtremistYes,20260617_151410_608816,5,0.05,50,1000,1.0
0,390,120,370,0,-17,1.0,ExtremistYes,20260617_151410_608816,5,0.05,50,1000,1.0
0,391,594,579,0,-100,1.0,ExtremistYes,20260617_151410_608816,5,0.05,50,1000,1.0
0,392,33,401,0,-41,1.0,ExtremistYes,20260617_151410_608816,5,0.05,50,1000,1.0
0,393,89,152,0,-262,1.0,ExtremistYes,20260617_151410_608816,5,0.05,50,1000,1.0
0,394,640,178,0,-81,1.0,ExtremistYes,20260617_151410_608816,5,0.05,50,1000,1.0
0,395,489,288,0,-28,1.0,ExtremistYes,20260617_151410_608816,5,0.05,50,1000,1.0
0,396,171,205,0,38,1.0,ExtremistYes,20260617_151410_608816,5,0.05,50,1000,1.0
0,397,493,436,0,-94,1.0,ExtremistYes,20260617_151410_608816,5,0.05,50,1000,1.0
0,398,378,325,0,-5,1.0,ExtremistYes,20260617_151410_608816,5,0.05,50,1000,1.0
0,399,551,281,0,-200,1.0,ExtremistYes,20260617_151410_608816,5,0.05,50,1000,1.0
0,400,567,333,0,55,1.0,ExtremistYes,20260617_151410_608816,5,0.05,50,1000,1.0
0,401,46,194,0,23,1.0,ExtremistYes,20260617_151410_608816,5,0.05,50,1000,1.0
0,402,111,42,0,-33,1.0,ExtremistYes,20260617_151410_608816,5,0.05,50,1000,1.0
0,403,576,80,0,-95,1.0,ExtremistYes,20260617_151410_608816,5,0.05,50,1000,1.0
0,404,328,602,0,-255,1.0,ExtremistYes,20260617_151410_608816,5,0.05,50,1000,1.0
0,405,390,19,0,-262,1.0,ExtremistYes,20260617_151410_608816,5,0.05,50,1000,1.0
0,406,576,467,0,-16,1.0,ExtremistYes,20260617_151410_608816,5,0.05,50,1000,1.0
0,407,461,536,0,-31,1.0,ExtremistYes,20260617_151410_608816,5,0.05,50,1000,1.0
0,408,464,14,0,-36,1.0,ExtremistYes,20260617_151410_608816,5,0.05,50,1000,1.0
0,409,743,150,0,-49,1.0,ExtremistYes,20260617_151410_608816,5,0.05,50,1000,1.0
0,410,256,76,0,-114,1.0,ExtremistYes,20260617_151410_608816,5,0.05,50,1000,1.0
0,411,66,166,0,-223,1.0,ExtremistYes,20260617_151410_608816,5,0.05,50,1000,1.0
0,412,322,225,0,-82,1.0,ExtremistYes,20260617_151410_608816,5,0.05,50,1000,1.0
0,413,291,124,0,8,1.0,ExtremistYes,20260617_151410_608816,5,0.05,50,1000,1.0
0,414,672,517,0,-69,1.0,ExtremistYes,20260617_151410_608816,5,0.05,50,1000,1.0
0,415,302,339,0,-168,1.0,ExtremistYes,20260617_151410_608816,5,0.05,50,1000,1.0
0,416,19,342,0,-237,1.0,ExtremistYes,20260617_151410_608816,5,0.05,50,1000,1.0
0,417,520,644,0,-6,1.0,ExtremistYes,20260617_151410_608816,5,0.05,50,1000,1.0
0,418,572,652,0,24,1.0,ExtremistYes,20260617_151410_608816,5,0.05,50,1000,1.0
0,419,596,312,0,-60,1.0,ExtremistYes,20260617_151410_608816,5,0.05,50,1000,1.0
0,420,493,661,0,32,1.0,ExtremistYes,20260617_151410_608816,5,0.05,50,1000,1.0
0,421,332,142,0,13,1.0,ExtremistYes,20260617_151410_608816,5,0.05,50,1000,1.0
0,422,187,512,0,-208,1.0,ExtremistYes,20260617_151410_608816,5,0.05,50,1000,1.0
0,423,144,399,0,-7,1.0,ExtremistYes,20260617_151410_608816,5,0.05,50,1000,1.0
0,424,275,70,0,-32,1.0,ExtremistYes,20260617_151410_608816,5,0.05,50,1000,1.0
0,425,271,107,0,57,1.0,ExtremistYes,20260617_151410_608816,5,0.05,50,1000,1.0
0,426,5,113,0,-194,1.0,ExtremistYes,20260617_151410_608816,5,0.05,50,1000,1.0
0,427,78,5,0,-243,1.0,ExtremistYes,20260617_151410_608816,5,0.05,50,1000,1.0
0,428,717,625,0,72,1.0,ExtremistYes,20260617_151410_608816,5,0.05,50,1000,1.0
0,429,693,61,0,-207,1.0,ExtremistYes,20260617_151410_608816,5,0.05,50,1000,1.0
0,430,6,45,0,-152,1.0,ExtremistYes,20260617_151410_608816,5,0.05,50,1000,1.0
0,431,567,358,0,53,1.0,ExtremistYes,20260617_151410_608816,5,0.05,50,1000,1.0
0,432,339,688,0,-19,1.0,ExtremistYes,20260617_151410_608816,5,0.05,50,1000,1.0
0,433,402,127,0,51,1.0,ExtremistYes,20260617_151410_608816,5,0.05,50,1000,1.0
0,434,329,618,0,-244,1.0,ExtremistYes,20260617_151410_608816,5,0.05,50,1000,1.0
0,435,221,613,0,-173,1.0,ExtremistYes,20260617_151410_608816,5,0.05,50,1000,1.0
0,436,404,165,0,-116,1.0,ExtremistYes,20260617_151410_608816,5,0.05,50,1000,1.0
0,437,445,70,0,31,1.0,ExtremistYes,20260617_151410_608816,5,0.05,50,1000,1.0
0,438,305,240,0,7,1.0,ExtremistYes,20260617_151410_608816,5,0.05,50,1000,1.0
0,439,585,231,0,-34,1.0,ExtremistYes,20260617_151410_608816,5,0.05,50,1000,1.0
0,440,92,388,0,26,1.0,ExtremistYes,20260617_151410_608816,5,0.05,50,1000,1.0
0,441,481,688,0,-120,1.0,ExtremistYes,20260617_151410_608816,5,0.05,50,1000,1.0
0,442,30,384,0,41,1.0,ExtremistYes,20260617_151410_608816,5,0.05,50,1000,1.0
0,443,331,113,0,-263,1.0,ExtremistYes,20260617_151410_608816,5,0.05,50,1000,1.0
0,444,337,54,0,-192,1.0,ExtremistYes,20260617_151410_608816,5,0.05,50,1000,1.0
0,445,182,217,0,27,1.0,ExtremistYes,20260617_151410_608816,5,0.05,50,1000,1.0
0,446,228,699,0,-123,1.0,ExtremistYes,20260617_151410_608816,5,0.05,50,1000,1.0
0,447,72,260,0,-195,1.0,ExtremistYes,20260617_151410_608816,5,0.05,50,1000,1.0
0,448,67,257,0,-70,1.0,ExtremistYes,20260617_151410_608816,5,0.05,50,1000,1.0
0,449,512,347,0,-165,1.0,ExtremistYes,20260617_151410_608816,5,0.05,50,1000,1.0
0,450,648,247,0,-115,1.0,ExtremistYes,20260617_151410_608816,5,0.05,50,1000,1.0
0,451,339,653,0,23,1.0,ExtremistYes,20260617_151410_608816,5,0.05,50,1000,1.0
0,452,172,215,0,-111,1.0,ExtremistYes,20260617_151410_608816,5,0.05,50,1000,1.0
0,453,616,378,0,-185,1.0,ExtremistYes,20260617_151410_608816,5,0.05,50,1000,1.0
0,454,380,635,0,-219,1.0,ExtremistYes,20260617_151410_608816,5,0.05,50,1000,1.0
0,455,338,492,0,65,1.0,ExtremistYes,20260617_151410_608816,5,0.05,50,1000,1.0
0,456,303,319,0,49,1.0,ExtremistYes,20260617_151410_608816,5,0.05,50,1000,1.0
0,457,330,660,0,-137,1.0,ExtremistYes,20260617_151410_608816,5,0.05,50,1000,1.0
0,458,274,453,0,-200,1.0,ExtremistYes,20260617_151410_608816,5,0.05,50,1000,1.0
0,459,131,334,0,57,1.0,ExtremistYes,20260617_151410_608816,5,0.05,50,1000,1.0
0,460,31,81,0,3,1.0,ExtremistYes,20260617_151410_608816,5,0.05,50,1000,1.0
0,461,679,50,0,-2,1.0,ExtremistYes,20260617_151410_608816,5,0.05,50,1000,1.0
0,462,471,214,0,-119,1.0,ExtremistYes,20260617_151410_608816,5,0.05,50,1000,1.0
0,463,25,342,0,33,1.0,ExtremistYes,20260617_151410_608816,5,0.05,50,1000,1.0
0,464,250,521,0,-148,1.0,ExtremistYes,20260617_151410_608816,5,0.05,50,1000,1.0
0,465,639,631,0,86,1.0,ExtremistYes,20260617_151410_608816,5,0.05,50,1000,1.0
0,466,635,132,0,47,1.0,ExtremistYes,20260617_151410_608816,5,0.05,50,1000,1.0
0,467,239,469,0,-261,1.0,ExtremistYes,20260617_151410_608816,5,0.05,50,1000,1.0
0,468,665,279,0,-130,1.0,ExtremistYes,20260617_151410_608816,5,0.05,50,1000,1.0
0,469,707,704,0,-12,1.0,ExtremistYes,20260617_151410_608816,5,0.05,50,1000,1.0
0,470,97,561,0,-230,1.0,ExtremistYes,20260617_151410_608816,5,0.05,50,1000,1.0
0,471,343,207,0,8,1.0,ExtremistYes,20260617_151410_608816,5,0.05,50,1000,1.0
0,472,309,700,0,-152,1.0,ExtremistYes,20260617_151410_608816,5,0.05,50,1000,1.0
0,473,191,465,0,-235,1.0,ExtremistYes,20260617_151410_608816,5,0.05,50,1000,1.0
0,474,459,341,0,-250,1.0,ExtremistYes,20260617_151410_608816,5,0.05,50,1000,1.0
0,475,26,615,0,-193,1.0,ExtremistYes,20260617_151410_608816,5,0.05,50,1000,1.0
0,476,182,374,0,33,1.0,ExtremistYes,20260617_151410_608816,5,0.05,50,1000,1.0
0,477,377,675,0,61,1.0,ExtremistYes,20260617_151410_608816,5,0.05,50,1000,1.0
0,478,230,253,0,-10,1.0,ExtremistYes,20260617_151410_608816,5,0.05,50,1000,1.0
0,479,121,700,0,50,1.0,ExtremistYes,20260617_151410_608816,5,0.05,50,1000,1.0
0,480,376,205,0,-106,1.0,ExtremistYes,20260617_151410_608816,5,0.05,50,1000,1.0
0,481,33,168,0,71,1.0,ExtremistYes,20260617_151410_608816,5,0.05,50,1000,1.0
0,482,592,166,0,-86,1.0,ExtremistYes,20260617_151410_608816,5,0.05,50,1000,1.0
0,483,23,92,0,-254,1.0,ExtremistYes,20260617_151410_608816,5,0.05,50,1000,1.0
0,484,739,235,0,-159,1.0,ExtremistYes,20260617_151410_608816,5,0.05,50,1000,1.0
0,485,49,83,0,-181,1.0,ExtremistYes,20260617_151410_608816,5,0.05,50,1000,1.0
0,486,556,690,0,-88,1.0,ExtremistYes,20260617_151410_608816,5,0.05,50,1000,1.0
0,487,587,190,0,-26,1.0,ExtremistYes,20260617_151410_608816,5,0.05,50,1000,1.0
0,488,203,50,0,-151,1.0,ExtremistYes,20260617_151410_608816,5,0.05,50,1000,1.0
0,489,540,369,0,-153,1.0,ExtremistYes,20260617_151410_608816,5,0.05,50,1000,1.0
0,490,230,637,0,-94,1.0,ExtremistYes,20260617_151410_608816,5,0.05,50,1000,1.0
0,491,548,548,0,-36,1.0,ExtremistYes,20260617_151410_608816,5,0.05,50,1000,1.0
0,492,419,287,0,-58,1.0,ExtremistYes,20260617_151410_608816,5,0.05,50,1000,1.0
0,493,211,27,0,64,1.0,ExtremistYes,20260617_151410_608816,5,0.05,50,1000,1.0
0,494,343,91,0,-184,1.0,ExtremistYes,20260617_151410_608816,5,0.05,50,1000,1.0
0,495,186,277,0,-119,1.0,ExtremistYes,20260617_151410_608816,5,0.05,50,1000,1.0
0,496,366,627,0,-75,1.0,ExtremistYes,20260617_151410_608816,5,0.05,50,1000,1.0
0,497,444,241,0,2,1.0,ExtremistYes,20260617_151410_608816,5,0.05,50,1000,1.0
0,498,237,476,0,-231,1.0,ExtremistYes,20260617_151410_608816,5,0.05,50,1000,1.0
0,499,594,221,0,-38,1.0,ExtremistYes,20260617_151410_608816,5,0.05,50,1000,1.0
0,500,7,439,0,-144,0.0,ExtremistNo,20260617_151410_608816,5,0.05,50,1000,1.0
0,501,4,228,0,-172,0.0,ExtremistNo,20260617_151410_608816,5,0.05,50,1000,1.0
0,502,154,499,0,-172,0.0,ExtremistNo,20260617_151410_608816,5,0.05,50,1000,1.0
0,503,210,547,0,60,0.0,ExtremistNo,20260617_151410_608816,5,0.05,50,1000,1.0
0,504,691,90,0,-164,0.0,ExtremistNo,20260617_151410_608816,5,0.05,50,1000,1.0
0,505,528,549,0,57,0.0,ExtremistNo,20260617_151410_608816,5,0.05,50,1000,1.0
0,506,653,472,0,-265,0.0,ExtremistNo,20260617_151410_608816,5,0.05,50,1000,1.0
0,507,59,139,0,21,0.0,ExtremistNo,20260617_151410_608816,5,0.05,50,1000,1.0
0,508,408,71,0,-268,0.0,ExtremistNo,20260617_151410_608816,5,0.05,50,1000,1.0
0,509,260,355,0,3,0.0,ExtremistNo,20260617_151410_608816,5,0.05,50,1000,1.0
0,510,628,226,0,76,0.0,ExtremistNo,20260617_151410_608816,5,0.05,50,1000,1.0
0,511,453,491,0,68,0.0,ExtremistNo,20260617_151410_608816,5,0.05,50,1000,1.0
0,512,209,354,0,-202,0.0,ExtremistNo,20260617_151410_608816,5,0.05,50,1000,1.0
0,513,483,100,0,54,0.0,ExtremistNo,20260617_151410_608816,5,0.05,50,1000,1.0
0,514,419,146,0,-251,0.0,ExtremistNo,20260617_151410_608816,5,0.05,50,1000,1.0
0,515,698,16,0,-127,0.0,ExtremistNo,20260617_151410_608816,5,0.05,50,1000,1.0
0,516,220,23,0,88,0.0,ExtremistNo,20260617_151410_608816,5,0.05,50,1000,1.0
0,517,121,301,0,-187,0.0,ExtremistNo,20260617_151410_608816,5,0.05,50,1000,1.0
0,518,60,263,0,-58,0.0,ExtremistNo,20260617_151410_608816,5,0.05,50,1000,1.0
0,519,468,15,0,20,0.0,ExtremistNo,20260617_151410_608816,5,0.05,50,1000,1.0
0,520,211,672,0,-172,0.0,ExtremistNo,20260617_151410_608816,5,0.05,50,1000,1.0
0,521,192,360,0,-252,0.0,ExtremistNo,20260617_151410_608816,5,0.05,50,1000,1.0
0,522,111,500,0,-265,0.0,ExtremistNo,20260617_151410_608816,5,0.05,50,1000,1.0
0,523,358,402,0,6,0.0,ExtremistNo,20260617_151410_608816,5,0.05,50,1000,1.0
0,524,717,459,0,-1,0.0,ExtremistNo,20260617_151410_608816,5,0.05,50,1000,1.0
0,525,380,497,0,-106,0.0,ExtremistNo,20260617_151410_608816,5,0.05,50,1000,1.0
0,526,513,277,0,-209,0.0,ExtremistNo,20260617_151410_608816,5,0.05,50,1000,1.0
0,527,460,502,0,48,0.0,ExtremistNo,20260617_151410_608816,5,0.05,50,1000,1.0
0,528,532,532,0,-63,0.0,ExtremistNo,20260617_151410_608816,5,0.05,50,1000,1.0
0,529,173,460,0,20,0.0,ExtremistNo,20260617_151410_608816,5,0.05,50,1000,1.0
0,530,45,565,0,44,0.0,ExtremistNo,20260617_151410_608816,5,0.05,50,1000,1.0
0,531,369,394,0,-172,0.0,ExtremistNo,20260617_151410_608816,5,0.05,50,1000,1.0
0,532,574,350,0,7,0.0,ExtremistNo,20260617_151410_608816,5,0.05,50,1000,1.0
0,533,333,424,0,-65,0.0,ExtremistNo,20260617_151410_608816,5,0.05,50,1000,1.0
0,534,244,535,0,-87,0.0,ExtremistNo,20260617_151410_608816,5,0.05,50,1000,1.0
0,535,64,583,0,-74,0.0,ExtremistNo,20260617_151410_608816,5,0.05,50,1000,1.0
0,536,404,591,0,35,0.0,ExtremistNo,20260617_151410_608816,5,0.05,50,1000,1.0
0,537,111,364,0,-40,0.0,ExtremistNo,20260617_151410_608816,5,0.05,50,1000,1.0
0,538,523,718,0,53,0.0,ExtremistNo,20260617_151410_608816,5,0.05,50,1000,1.0
0,539,622,47,0,-19,0.0,ExtremistNo,20260617_151410_608816,5,0.05,50,1000,1.0
0,540,684,710,0,-243,0.0,ExtremistNo,20260617_151410_608816,5,0.05,50,1000,1.0
0,541,250,576,0,-2,0.0,ExtremistNo,20260617_151410_608816,5,0.05,50,1000,1.0
0,542,500,478,0,79,0.0,ExtremistNo,20260617_151410_608816,5,0.05,50,1000,1.0
0,543,536,727,0,-32,0.0,ExtremistNo,20260617_151410_608816,5,0.05,50,1000,1.0
0,544,369,493,0,-268,0.0,ExtremistNo,20260617_151410_608816,5,0.05,50,1000,1.0
0,545,36,719,0,68,0.0,ExtremistNo,20260617_151410_608816,5,0.05,50,1000,1.0
0,546,374,33,0,-205,0.0,ExtremistNo,20260617_151410_608816,5,0.05,50,1000,1.0
0,547,697,209,0,-159,0.0,ExtremistNo,20260617_151410_608816,5,0.05,50,1000,1.0
0,548,609,182,0,-189,0.0,ExtremistNo,20260617_151410_608816,5,0.05,50,1000,1.0
0,549,426,671,0,30,0.0,ExtremistNo,20260617_151410_608816,5,0.05,50,1000,1.0
0,550,245,194,0,-262,0.0,ExtremistNo,20260617_151410_608816,5,0.05,50,1000,1.0
0,551,111,237,0,-230,0.0,ExtremistNo,20260617_151410_608816,5,0.05,50,1000,1.0
0,552,707,265,0,-7,0.0,ExtremistNo,20260617_151410_608816,5,0.05,50,1000,1.0
0,553,220,473,0,-180,0.0,ExtremistNo,20260617_151410_608816,5,0.05,50,1000,1.0
0,554,87,393,0,-262,0.0,ExtremistNo,20260617_151410_608816,5,0.05,50,1000,1.0
0,555,108,590,0,-187,0.0,ExtremistNo,20260617_151410_608816,5,0.05,50,1000,1.0
0,556,330,575,0,-128,0.0,ExtremistNo,20260617_151410_608816,5,0.05,50,1000,1.0
0,557,654,238,0,74,0.0,ExtremistNo,20260617_151410_608816,5,0.05,50,1000,1.0
0,558,34,671,0,-71,0.0,ExtremistNo,20260617_151410_608816,5,0.05,50,1000,1.0
0,559,741,538,0,-243,0.0,ExtremistNo,20260617_151410_608816,5,0.05,50,1000,1.0
0,560,608,4,0,5,0.0,ExtremistNo,20260617_151410_608816,5,0.05,50,1000,1.0
0,561,349,683,0,-210,0.0,ExtremistNo,20260617_151410_608816,5,0.05,50,1000,1.0
0,562,113,740,0,-51,0.0,ExtremistNo,20260617_151410_608816,5,0.05,50,1000,1.0
0,563,228,62,0,70,0.0,ExtremistNo,20260617_151410_608816,5,0.05,50,1000,1.0
0,564,390,341,0,-236,0.0,ExtremistNo,20260617_151410_608816,5,0.05,50,1000,1.0
0,565,710,357,0,-202,0.0,ExtremistNo,20260617_151410_608816,5,0.05,50,1000,1.0
0,566,583,184,0,-201,0.0,ExtremistNo,20260617_151410_608816,5,0.05,50,1000,1.0
0,567,77,179,0,-242,0.0,ExtremistNo,20260617_151410_608816,5,0.05,50,1000,1.0
0,568,467,393,0,-89,0.0,ExtremistNo,20260617_151410_608816,5,0.05,50,1000,1.0
0,569,504,390,0,28,0.0,ExtremistNo,20260617_151410_608816,5,0.05,50,1000,1.0
0,570,110,23,0,-222,0.0,ExtremistNo,20260617_151410_608816,5,0.05,50,1000,1.0
0,571,305,8,0,-124,0.0,ExtremistNo,20260617_151410_608816,5,0.05,50,1000,1.0
0,572,252,174,0,27,0.0,ExtremistNo,20260617_151410_608816,5,0.05,50,1000,1.0
0,573,369,158,0,-205,0.0,ExtremistNo,20260617_151410_608816,5,0.05,50,1000,1.0
0,574,363,51,0,-43,0.0,ExtremistNo,20260617_151410_608816,5,0.05,50,1000,1.0
0,575,669,434,0,-121,0.0,ExtremistNo,20260617_151410_608816,5,0.05,50,1000,1.0
0,576,535,35,0,-195,0.0,ExtremistNo,20260617_151410_608816,5,0.05,50,1000,1.0
0,577,703,498,0,-50,0.0,ExtremistNo,20260617_151410_608816,5,0.05,50,1000,1.0
0,578,320,628,0,-108,0.0,ExtremistNo,20260617_151410_608816,5,0.05,50,1000,1.0
0,579,156,175,0,56,0.0,ExtremistNo,20260617_151410_608816,5,0.05,50,1000,1.0
0,580,392,136,0,-113,0.0,ExtremistNo,20260617_151410_608816,5,0.05,50,1000,1.0
0,581,671,676,0,-246,0.0,ExtremistNo,20260617_151410_608816,5,0.05,50,1000,1.0
0,582,587,101,0,-267,0.0,ExtremistNo,20260617_151410_608816,5,0.05,50,1000,1.0
0,583,650,362,0,-71,0.0,ExtremistNo,20260617_151410_608816,5,0.05,50,1000,1.0
0,584,224,735,0,-49,0.0,ExtremistNo,20260617_151410_608816,5,0.05,50,1000,1.0
0,585,693,629,0,-206,0.0,ExtremistNo,20260617_151410_608816,5,0.05,50,1000,1.0
0,586,546,55,0,-66,0.0,ExtremistNo,20260617_151410_608816,5,0.05,50,1000,1.0
0,587,492,682,0,-191,0.0,ExtremistNo,20260617_151410_608816,5,0.05,50,1000,1.0
0,588,29,260,0,25,0.0,ExtremistNo,20260617_151410_608816,5,0.05,50,1000,1.0
0,589,128,170,0,-214,0.0,ExtremistNo,20260617_151410_608816,5,0.05,50,1000,1.0
0,590,279,200,0,-266,0.0,ExtremistNo,20260617_151410_608816,5,0.05,50,1000,1.0
0,591,710,448,0,-238,0.0,ExtremistNo,20260617_151410_608816,5,0.05,50,1000,1.0
0,592,700,22,0,-1,0.0,ExtremistNo,20260617_151410_608816,5,0.05,50,1000,1.0
0,593,72,147,0,-47,0.0,ExtremistNo,20260617_151410_608816,5,0.05,50,1000,1.0
0,594,565,460,0,4,0.0,ExtremistNo,20260617_151410_608816,5,0.05,50,1000,1.0
0,595,541,321,0,-261,0.0,ExtremistNo,20260617_151410_608816,5,0.05,50,1000,1.0
0,596,165,85,0,-160,0.0,ExtremistNo,20260617_151410_608816,5,0.05,50,1000,1.0
0,597,715,713,0,-104,0.0,ExtremistNo,20260617_151410_608816,5,0.05,50,1000,1.0
0,598,309,210,0,-220,0.0,ExtremistNo,20260617_151410_608816,5,0.05,50,1000,1.0
0,599,369,127,0,-11,0.0,ExtremistNo,20260617_151410_608816,5,0.05,50,1000,1.0
0,600,697,34,0,-48,0.0,ExtremistNo,20260617_151410_608816,5,0.05,50,1000,1.0
0,601,165,480,0,-255,0.0,ExtremistNo,20260617_151410_608816,5,0.05,50,1000,1.0
0,602,223,228,0,-219,0.0,ExtremistNo,20260617_151410_608816,5,0.05,50,1000,1.0
0,603,377,365,0,51,0.0,ExtremistNo,20260617_151410_608816,5,0.05,50,1000,1.0
0,604,355,709,0,21,0.0,ExtremistNo,20260617_151410_608816,5,0.05,50,1000,1.0
0,605,593,698,0,-248,0.0,ExtremistNo,20260617_151410_608816,5,0.05,50,1000,1.0
0,606,441,592,0,46,0.0,ExtremistNo,20260617_151410_608816,5,0.05,50,1000,1.0
0,607,145,312,0,9,0.0,ExtremistNo,20260617_151410_608816,5,0.05,50,1000,1.0
0,608,16,516,0,-146,0.0,ExtremistNo,20260617_151410_608816,5,0.05,50,1000,1.0
0,609,191,20,0,-199,0.0,ExtremistNo,20260617_151410_608816,5,0.05,50,1000,1.0
0,610,505,269,0,-98,0.0,ExtremistNo,20260617_151410_608816,5,0.05,50,1000,1.0
0,611,506,681,0,-247,0.0,ExtremistNo,20260617_151410_608816,5,0.05,50,1000,1.0
0,612,164,741,0,18,0.0,ExtremistNo,20260617_151410_608816,5,0.05,50,1000,1.0
0,613,436,484,0,-156,0.0,ExtremistNo,20260617_151410_608816,5,0.05,50,1000,1.0
0,614,667,458,0,-193,0.0,ExtremistNo,20260617_151410_608816,5,0.05,50,1000,1.0
0,615,104,623,0,10,0.0,ExtremistNo,20260617_151410_608816,5,0.05,50,1000,1.0
0,616,463,554,0,-193,0.0,ExtremistNo,20260617_151410_608816,5,0.05,50,1000,1.0
0,617,198,249,0,-206,0.0,ExtremistNo,20260617_151410_608816,5,0.05,50,1000,1.0
0,618,494,353,0,-82,0.0,ExtremistNo,20260617_151410_608816,5,0.05,50,1000,1.0
0,619,491,196,0,58,0.0,ExtremistNo,20260617_151410_608816,5,0.05,50,1000,1.0
0,620,83,437,0,-117,0.0,ExtremistNo,20260617_151410_608816,5,0.05,50,1000,1.0
0,621,733,465,0,46,0.0,ExtremistNo,20260617_151410_608816,5,0.05,50,1000,1.0
0,622,741,372,0,-42,0.0,ExtremistNo,20260617_151410_608816,5,0.05,50,1000,1.0
0,623,353,279,0,-242,0.0,ExtremistNo,20260617_151410_608816,5,0.05,50,1000,1.0
0,624,431,91,0,4,0.0,ExtremistNo,20260617_151410_608816,5,0.05,50,1000,1.0
0,625,396,561,0,-74,0.0,ExtremistNo,20260617_151410_608816,5,0.05,50,1000,1.0
0,626,440,432,0,73,0.0,ExtremistNo,20260617_151410_608816,5,0.05,50,1000,1.0
0,627,99,549,0,-131,0.0,ExtremistNo,20260617_151410_608816,5,0.05,50,1000,1.0
0,628,96,612,0,-216,0.0,ExtremistNo,20260617_151410_608816,5,0.05,50,1000,1.0
0,629,573,289,0,1,0.0,ExtremistNo,20260617_151410_608816,5,0.05,50,1000,1.0
0,630,570,162,0,-137,0.0,ExtremistNo,20260617_151410_608816,5,0.05,50,1000,1.0
0,631,522,204,0,29,0.0,ExtremistNo,20260617_151410_608816,5,0.05,50,1000,1.0
0,632,444,593,0,-91,0.0,ExtremistNo,20260617_151410_608816,5,0.05,50,1000,1.0
0,633,737,171,0,58,0.0,ExtremistNo,20260617_151410_608816,5,0.05,50,1000,1.0
0,634,326,434,0,10,0.0,ExtremistNo,20260617_151410_608816,5,0.05,50,1000,1.0
0,635,172,412,0,-199,0.0,ExtremistNo,20260617_151410_608816,5,0.05,50,1000,1.0
0,636,681,452,0,51,0.0,ExtremistNo,20260617_151410_608816,5,0.05,50,1000,1.0
0,637,487,471,0,-264,0.0,ExtremistNo,20260617_151410_608816,5,0.05,50,1000,1.0
0,638,199,512,0,-237,0.0,ExtremistNo,20260617_151410_608816,5,0.05,50,1000,1.0
0,639,27,128,0,-220,0.0,ExtremistNo,20260617_151410_608816,5,0.05,50,1000,1.0
0,640,514,493,0,-210,0.0,ExtremistNo,20260617_151410_608816,5,0.05,50,1000,1.0
0,641,611,245,0,-266,0.0,ExtremistNo,20260617_151410_608816,5,0.05,50,1000,1.0
0,642,563,510,0,-216,0.0,ExtremistNo,20260617_151410_608816,5,0.05,50,1000,1.0
0,643,666,20,0,-243,0.0,ExtremistNo,20260617_151410_608816,5,0.05,50,1000,1.0
0,644,643,659,0,77,0.0,ExtremistNo,20260617_151410_608816,5,0.05,50,1000,1.0
0,645,606,401,0,-151,0.0,ExtremistNo,20260617_151410_608816,5,0.05,50,1000,1.0
0,646,247,498,0,-67,0.0,ExtremistNo,20260617_151410_608816,5,0.05,50,1000,1.0
0,647,742,254,0,39,0.0,ExtremistNo,20260617_151410_608816,5,0.05,50,1000,1.0
0,648,93,513,0,-230,0.0,ExtremistNo,20260617_151410_608816,5,0.05,50,1000,1.0
0,649,638,110,0,-115,0.0,ExtremistNo,20260617_151410_608816,5,0.05,50,1000,1.0
0,650,713,375,0,-159,0.0,ExtremistNo,20260617_151410_608816,5,0.05,50,1000,1.0
0,651,259,181,0,-2,0.0,ExtremistNo,20260617_151410_608816,5,0.05,50,1000,1.0
0,652,736,145,0,-223,0.0,ExtremistNo,20260617_151410_608816,5,0.05,50,1000,1.0
0,653,663,510,0,-64,0.0,ExtremistNo,20260617_151410_608816,5,0.05,50,1000,1.0
0,654,548,680,0,-186,0.0,ExtremistNo,20260617_151410_608816,5,0.05,50,1000,1.0
0,655,164,457,0,57,0.0,ExtremistNo,20260617_151410_608816,5,0.05,50,1000,1.0
0,656,444,112,0,-68,0.0,ExtremistNo,20260617_151410_608816,5,0.05,50,1000,1.0
0,657,473,37,0,-163,0.0,ExtremistNo,20260617_151410_608816,5,0.05,50,1000,1.0
0,658,282,193,0,-90,0.0,ExtremistNo,20260617_151410_608816,5,0.05,50,1000,1.0
0,659,54,420,0,-268,0.0,ExtremistNo,20260617_151410_608816,5,0.05,50,1000,1.0
0,660,237,435,0,27,0.0,ExtremistNo,20260617_151410_608816,5,0.05,50,1000,1.0
0,661,591,432,0,80,0.0,ExtremistNo,20260617_151410_608816,5,0.05,50,1000,1.0
0,662,422,616,0,40,0.0,ExtremistNo,20260617_151410_608816,5,0.05,50,1000,1.0
0,663,86,650,0,-118,0.0,ExtremistNo,20260617_151410_608816,5,0.05,50,1000,1.0
0,664,7,670,0,-30,0.0,ExtremistNo,20260617_151410_608816,5,0.05,50,1000,1.0
0,665,641,525,0,51,0.0,ExtremistNo,20260617_151410_608816,5,0.05,50,1000,1.0
0,666,85,574,0,-225,0.0,ExtremistNo,20260617_151410_608816,5,0.05,50,1000,1.0
0,667,353,202,0,7,0.0,ExtremistNo,20260617_151410_608816,5,0.05,50,1000,1.0
0,668,701,348,0,-221,0.0,ExtremistNo,20260617_151410_608816,5,0.05,50,1000,1.0
0,669,740,735,0,-166,0.0,ExtremistNo,20260617_151410_608816,5,0.05,50,1000,1.0
0,670,148,548,0,-148,0.0,ExtremistNo,20260617_151410_608816,5,0.05,50,1000,1.0
0,671,355,514,0,-229,0.0,ExtremistNo,20260617_151410_608816,5,0.05,50,1000,1.0
0,672,446,154,0,-195,0.0,ExtremistNo,20260617_151410_608816,5,0.05,50,1000,1.0
0,673,409,322,0,-170,0.0,ExtremistNo,20260617_151410_608816,5,0.05,50,1000,1.0
0,674,108,687,0,-52,0.0,ExtremistNo,20260617_151410_608816,5,0.05,50,1000,1.0
0,675,257,81,0,-184,0.0,ExtremistNo,20260617_151410_608816,5,0.05,50,1000,1.0
0,676,735,272,0,-204,0.0,ExtremistNo,20260617_151410_608816,5,0.05,50,1000,1.0
0,677,733,521,0,-31,0.0,ExtremistNo,20260617_151410_608816,5,0.05,50,1000,1.0
0,678,324,126,0,-156,0.0,ExtremistNo,20260617_151410_608816,5,0.05,50,1000,1.0
0,679,251,125,0,-180,0.0,ExtremistNo,20260617_151410_608816,5,0.05,50,1000,1.0
0,680,392,217,0,25,0.0,ExtremistNo,20260617_151410_608816,5,0.05,50,1000,1.0
0,681,107,87,0,-182,0.0,ExtremistNo,20260617_151410_608816,5,0.05,50,1000,1.0
0,682,55,392,0,-250,0.0,ExtremistNo,20260617_151410_608816,5,0.05,50,1000,1.0
0,683,579,201,0,-182,0.0,ExtremistNo,20260617_151410_608816,5,0.05,50,1000,1.0
0,684,710,696,0,-38,0.0,ExtremistNo,20260617_151410_608816,5,0.05,50,1000,1.0
0,685,697,355,0,-166,0.0,ExtremistNo,20260617_151410_608816,5,0.05,50,1000,1.0
0,686,349,405,0,-47,0.0,ExtremistNo,20260617_151410_608816,5,0.05,50,1000,1.0
0,687,568,277,0,-183,0.0,ExtremistNo,20260617_151410_608816,5,0.05,50,1000,1.0
0,688,531,321,0,-45,0.0,ExtremistNo,20260617_151410_608816,5,0.05,50,1000,1.0
0,689,202,313,0,-101,0.0,ExtremistNo,20260617_151410_608816,5,0.05,50,1000,1.0
0,690,350,670,0,-215,0.0,ExtremistNo,20260617_151410_608816,5,0.05,50,1000,1.0
0,691,517,515,0,-82,0.0,ExtremistNo,20260617_151410_608816,5,0.05,50,1000,1.0
0,692,344,371,0,52,0.0,ExtremistNo,20260617_151410_608816,5,0.05,50,1000,1.0
0,693,415,448,0,-70,0.0,ExtremistNo,20260617_151410_608816,5,0.05,50,1000,1.0
0,694,498,367,0,-204,0.0,ExtremistNo,20260617_151410_608816,5,0.05,50,1000,1.0
0,695,714,32,0,-70,0.0,ExtremistNo,20260617_151410_608816,5,0.05,50,1000,1.0
0,696,255,621,0,-116,0.0,ExtremistNo,20260617_151410_608816,5,0.05,50,1000,1.0
0,697,192,75,0,69,0.0,ExtremistNo,20260617_151410_608816,5,0.05,50,1000,1.0
0,698,95,109,0,-180,0.0,ExtremistNo,20260617_151410_608816,5,0.05,50,1000,1.0
0,699,145,124,0,2,0.0,ExtremistNo,20260617_151410_608816,5,0.05,50,1000,1.0
0,700,97,624,0,47,0.0,ExtremistNo,20260617_151410_608816,5,0.05,50,1000,1.0
0,701,658,544,0,36,0.0,ExtremistNo,20260617_151410_608816,5,0.05,50,1000,1.0
0,702,200,316,0,7,0.0,ExtremistNo,20260617_151410_608816,5,0.05,50,1000,1.0
0,703,293,685,0,-227,0.0,ExtremistNo,20260617_151410_608816,5,0.05,50,1000,1.0
0,704,598,473,0,-254,0.0,ExtremistNo,20260617_151410_608816,5,0.05,50,1000,1.0
0,705,159,434,0,-120,0.0,ExtremistNo,20260617_151410_608816,5,0.05,50,1000,1.0
0,706,175,186,0,-14,0.0,ExtremistNo,20260617_151410_608816,5,0.05,50,1000,1.0
0,707,344,316,0,-226,0.0,ExtremistNo,20260617_151410_608816,5,0.05,50,1000,1.0
0,708,457,208,0,-69,0.0,ExtremistNo,20260617_151410_608816,5,0.05,50,1000,1.0
0,709,380,121,0,-214,0.0,ExtremistNo,20260617_151410_608816,5,0.05,50,1000,1.0
0,710,48,493,0,-231,0.0,ExtremistNo,20260617_151410_608816,5,0.05,50,1000,1.0
0,711,675,447,0,-42,0.0,ExtremistNo,20260617_151410_608816,5,0.05,50,1000,1.0
0,712,419,417,0,-228,0.0,ExtremistNo,20260617_151410_608816,5,0.05,50,1000,1.0
0,713,406,374,0,-153,0.0,ExtremistNo,20260617_151410_608816,5,0.05,50,1000,1.0
0,714,332,628,0,-161,0.0,ExtremistNo,20260617_151410_608816,5,0.05,50,1000,1.0
0,715,246,178,0,48,0.0,ExtremistNo,20260617_151410_608816,5,0.05,50,1000,1.0
0,716,414,223,0,43,0.0,ExtremistNo,20260617_151410_608816,5,0.05,50,1000,1.0
0,717,304,471,0,-253,0.0,ExtremistNo,20260617_151410_608816,5,0.05,50,1000,1.0
0,718,280,403,0,-46,0.0,ExtremistNo,20260617_151410_608816,5,0.05,50,1000,1.0
0,719,499,182,0,76,0.0,ExtremistNo,20260617_151410_608816,5,0.05,50,1000,1.0
0,720,692,110,0,-179,0.0,ExtremistNo,20260617_151410_608816,5,0.05,50,1000,1.0
0,721,195,367,0,25,0.0,ExtremistNo,20260617_151410_608816,5,0.05,50,1000,1.0
0,722,178,132,0,-251,0.0,ExtremistNo,20260617_151410_608816,5,0.05,50,1000,1.0
0,723,30,107,0,-75,0.0,ExtremistNo,20260617_151410_608816,5,0.05,50,1000,1.0
0,724,278,145,0,4,0.0,ExtremistNo,20260617_151410_608816,5,0.05,50,1000,1.0
0,725,736,155,0,-9,0.0,ExtremistNo,20260617_151410_608816,5,0.05,50,1000,1.0
0,726,447,670,0,14,0.0,ExtremistNo,20260617_151410_608816,5,0.05,50,1000,1.0
0,727,98,330,0,31,0.0,ExtremistNo,20260617_151410_608816,5,0.05,50,1000,1.0
0,728,114,65,0,16,0.0,ExtremistNo,20260617_151410_608816,5,0.05,50,1000,1.0
0,729,694,488,0,-87,0.0,ExtremistNo,20260617_151410_608816,5,0.05,50,1000,1.0
0,730,527,742,0,-113,0.0,ExtremistNo,20260617_151410_608816,5,0.05,50,1000,1.0
0,731,537,329,0,-10,0.0,ExtremistNo,20260617_151410_608816,5,0.05,50,1000,1.0
0,732,694,374,0,42,0.0,ExtremistNo,20260617_151410_608816,5,0.05,50,1000,1.0
0,733,110,715,0,-125,0.0,ExtremistNo,20260617_151410_608816,5,0.05,50,1000,1.0
0,734,701,110,0,15,0.0,ExtremistNo,20260617_151410_608816,5,0.05,50,1000,1.0
0,735,513,322,0,-128,0.0,ExtremistNo,20260617_151410_608816,5,0.05,50,1000,1.0
0,736,174,573,0,-257,0.0,ExtremistNo,20260617_151410_608816,5,0.05,50,1000,1.0
0,737,545,321,0,-11,0.0,ExtremistNo,20260617_151410_608816,5,0.05,50,1000,1.0
0,738,296,349,0,-267,0.0,ExtremistNo,20260617_151410_608816,5,0.05,50,1000,1.0
0,739,351,723,0,-207,0.0,ExtremistNo,20260617_151410_608816,5,0.05,50,1000,1.0
0,740,102,502,0,-19,0.0,ExtremistNo,20260617_151410_608816,5,0.05,50,1000,1.0
0,741,259,666,0,-25,0.0,ExtremistNo,20260617_151410_608816,5,0.05,50,1000,1.0
0,742,54,469,0,-69,0.0,ExtremistNo,20260617_151410_608816,5,0.05,50,1000,1.0
0,743,349,412,0,-230,0.0,ExtremistNo,20260617_151410_608816,5,0.05,50,1000,1.0
0,744,474,665,0,-39,0.0,ExtremistNo,20260617_151410_608816,5,0.05,50,1000,1.0
0,745,598,295,0,-186,0.0,ExtremistNo,20260617_151410_608816,5,0.05,50,1000,1.0
0,746,603,434,0,-156,0.0,ExtremistNo,20260617_151410_608816,5,0.05,50,1000,1.0
0,747,670,370,0,-171,0.0,ExtremistNo,20260617_151410_608816,5,0.05,50,1000,1.0
0,748,739,244,0,27,0.0,ExtremistNo,20260617_151410_608816,5,0.05,50,1000,1.0
0,749,409,214,0,74,0.0,ExtremistNo,20260617_151410_608816,5,0.05,50,1000,1.0
0,750,724,523,0,78,0.0,ExtremistNo,20260617_151410_608816,5,0.05,50,1000,1.0
0,751,512,463,0,-186,0.0,ExtremistNo,20260617_151410_608816,5,0.05,50,1000,1.0
0,752,503,283,0,-223,0.0,ExtremistNo,20260617_151410_608816,5,0.05,50,1000,1.0
0,753,291,617,0,-10,0.0,ExtremistNo,20260617_151410_608816,5,0.05,50,1000,1.0
0,754,129,248,0,-197,0.0,ExtremistNo,20260617_151410_608816,5,0.05,50,1000,1.0
0,755,313,181,0,-128,0.0,ExtremistNo,20260617_151410_608816,5,0.05,50,1000,1.0
0,756,639,182,0,-40,0.0,ExtremistNo,20260617_151410_608816,5,0.05,50,1000,1.0
0,757,373,100,0,-200,0.0,ExtremistNo,20260617_151410_608816,5,0.05,50,1000,1.0
0,758,298,91,0,-166,0.0,ExtremistNo,20260617_151410_608816,5,0.05,50,1000,1.0
0,759,454,226,0,-142,0.0,ExtremistNo,20260617_151410_608816,5,0.05,50,1000,1.0
0,760,722,502,0,-60,0.0,ExtremistNo,20260617_151410_608816,5,0.05,50,1000,1.0
0,761,570,255,0,-189,0.0,ExtremistNo,20260617_151410_608816,5,0.05,50,1000,1.0
0,762,319,518,0,-46,0.0,ExtremistNo,20260617_151410_608816,5,0.05,50,1000,1.0
0,763,527,563,0,-5,0.0,ExtremistNo,20260617_151410_608816,5,0.05,50,1000,1.0
0,764,113,277,0,-213,0.0,ExtremistNo,20260617_151410_608816,5,0.05,50,1000,1.0
0,765,29,211,0,-70,0.0,ExtremistNo,20260617_151410_608816,5,0.05,50,1000,1.0
0,766,330,654,0,-201,0.0,ExtremistNo,20260617_151410_608816,5,0.05,50,1000,1.0
0,767,79,14,0,-146,0.0,ExtremistNo,20260617_151410_608816,5,0.05,50,1000,1.0
0,768,544,340,0,-219,0.0,ExtremistNo,20260617_151410_608816,5,0.05,50,1000,1.0
0,769,384,270,0,37,0.0,ExtremistNo,20260617_151410_608816,5,0.05,50,1000,1.0
0,770,30,715,0,-237,0.0,ExtremistNo,20260617_151410_608816,5,0.05,50,1000,1.0
0,771,73,151,0,6,0.0,ExtremistNo,20260617_151410_608816,5,0.05,50,1000,1.0
0,772,381,561,0,-12,0.0,ExtremistNo,20260617_151410_608816,5,0.05,50,1000,1.0
0,773,109,616,0,-1,0.0,ExtremistNo,20260617_151410_608816,5,0.05,50,1000,1.0
0,774,104,561,0,-162,0.0,ExtremistNo,20260617_151410_608816,5,0.05,50,1000,1.0
0,775,228,288,0,-31,0.0,ExtremistNo,20260617_151410_608816,5,0.05,50,1000,1.0
0,776,221,333,0,6,0.0,ExtremistNo,20260617_151410_608816,5,0.05,50,1000,1.0
0,777,98,707,0,-87,0.0,ExtremistNo,20260617_151410_608816,5,0.05,50,1000,1.0
0,778,149,327,0,-49,0.0,ExtremistNo,20260617_151410_608816,5,0.05,50,1000,1.0
0,779,694,429,0,-152,0.0,ExtremistNo,20260617_151410_608816,5,0.05,50,1000,1.0
0,780,369,373,0,-28,0.0,ExtremistNo,20260617_151410_608816,5,0.05,50,1000,1.0
0,781,95,169,0,-74,0.0,ExtremistNo,20260617_151410_608816,5,0.05,50,1000,1.0
0,782,442,586,0,-39,0.0,ExtremistNo,20260617_151410_608816,5,0.05,50,1000,1.0
0,783,580,458,0,-88,0.0,ExtremistNo,20260617_151410_608816,5,0.05,50,1000,1.0
0,784,399,163,0,0,0.0,ExtremistNo,20260617_151410_608816,5,0.05,50,1000,1.0
0,785,693,396,0,-207,0.0,ExtremistNo,20260617_151410_608816,5,0.05,50,1000,1.0
0,786,482,745,0,-102,0.0,ExtremistNo,20260617_151410_608816,5,0.05,50,1000,1.0
0,787,368,341,0,45,0.0,ExtremistNo,20260617_151410_608816,5,0.05,50,1000,1.0
0,788,460,366,0,43,0.0,ExtremistNo,20260617_151410_608816,5,0.05,50,1000,1.0
0,789,666,586,0,-62,0.0,ExtremistNo,20260617_151410_608816,5,0.05,50,1000,1.0
0,790,539,147,0,9,0.0,ExtremistNo,20260617_151410_608816,5,0.05,50,1000,1.0
0,791,199,154,0,-267,0.0,ExtremistNo,20260617_151410_608816,5,0.05,50,1000,1.0
0,792,174,611,0,-72,0.0,ExtremistNo,20260617_151410_608816,5,0.05,50,1000,1.0
0,793,304,18,0,-30,0.0,ExtremistNo,20260617_151410_608816,5,0.05,50,1000,1.0
0,794,484,533,0,-158,0.0,ExtremistNo,20260617_151410_608816,5,0.05,50,1000,1.0
0,795,449,123,0,-218,0.0,ExtremistNo,20260617_151410_608816,5,0.05,50,1000,1.0
0,796,586,586,0,33,0.0,ExtremistNo,20260617_151410_608816,5,0.05,50,1000,1.0
0,797,199,304,0,57,0.0,ExtremistNo,20260617_151410_608816,5,0.05,50,1000,1.0
0,798,56,718,0,-116,0.0,ExtremistNo,20260617_151410_608816,5,0.05,50,1000,1.0
0,799,421,516,0,24,0.0,ExtremistNo,20260617_151410_608816,5,0.05,50,1000,1.0
0,800,477,320,0,-43,0.0,ExtremistNo,20260617_151410_608816,5,0.05,50,1000,1.0
0,801,727,716,0,-236,0.0,ExtremistNo,20260617_151410_608816,5,0.05,50,1000,1.0
0,802,614,483,0,-145,0.0,ExtremistNo,20260617_151410_608816,5,0.05,50,1000,1.0
0,803,520,207,0,-214,0.0,ExtremistNo,20260617_151410_608816,5,0.05,50,1000,1.0
0,804,419,438,0,2,0.0,ExtremistNo,20260617_151410_608816,5,0.05,50,1000,1.0
0,805,678,717,0,-111,0.0,ExtremistNo,20260617_151410_608816,5,0.05,50,1000,1.0
0,806,220,541,0,-6,0.0,ExtremistNo,20260617_151410_608816,5,0.05,50,1000,1.0
0,807,411,260,0,-132,0.0,ExtremistNo,20260617_151410_608816,5,0.05,50,1000,1.0
0,808,216,53,0,-260,0.0,ExtremistNo,20260617_151410_608816,5,0.05,50,1000,1.0
0,809,177,132,0,-247,0.0,ExtremistNo,20260617_151410_608816,5,0.05,50,1000,1.0
0,810,93,17,0,-209,0.0,ExtremistNo,20260617_151410_608816,5,0.05,50,1000,1.0
0,811,42,670,0,-81,0.0,ExtremistNo,20260617_151410_608816,5,0.05,50,1000,1.0
0,812,90,322,0,-241,0.0,ExtremistNo,20260617_151410_608816,5,0.05,50,1000,1.0
0,813,41,407,0,87,0.0,ExtremistNo,20260617_151410_608816,5,0.05,50,1000,1.0
0,814,225,533,0,-93,0.0,ExtremistNo,20260617_151410_608816,5,0.05,50,1000,1.0
0,815,134,304,0,-33,0.0,ExtremistNo,20260617_151410_608816,5,0.05,50,1000,1.0
0,816,237,88,0,-71,0.0,ExtremistNo,20260617_151410_608816,5,0.05,50,1000,1.0
0,817,649,260,0,-179,0.0,ExtremistNo,20260617_151410_608816,5,0.05,50,1000,1.0
0,818,703,465,0,30,0.0,ExtremistNo,20260617_151410_608816,5,0.05,50,1000,1.0
0,819,361,245,0,-161,0.0,ExtremistNo,20260617_151410_608816,5,0.05,50,1000,1.0
0,820,460,732,0,-263,0.0,ExtremistNo,20260617_151410_608816,5,0.05,50,1000,1.0
0,821,381,607,0,23,0.0,ExtremistNo,20260617_151410_608816,5,0.05,50,1000,1.0
0,822,144,503,0,87,0.0,ExtremistNo,20260617_151410_608816,5,0.05,50,1000,1.0
0,823,159,293,0,-187,0.0,ExtremistNo,20260617_151410_608816,5,0.05,50,1000,1.0
0,824,23,271,0,-262,0.0,ExtremistNo,20260617_151410_608816,5,0.05,50,1000,1.0
0,825,383,276,0,-76,0.0,ExtremistNo,20260617_151410_608816,5,0.05,50,1000,1.0
0,826,523,377,0,-254,0.0,ExtremistNo,20260617_151410_608816,5,0.05,50,1000,1.0
0,827,435,207,0,-236,0.0,ExtremistNo,20260617_151410_608816,5,0.05,50,1000,1.0
0,828,318,528,0,24,0.0,ExtremistNo,20260617_151410_608816,5,0.05,50,1000,1.0
0,829,478,148,0,-215,0.0,ExtremistNo,20260617_151410_608816,5,0.05,50,1000,1.0
0,830,368,11,0,-267,0.0,ExtremistNo,20260617_151410_608816,5,0.05,50,1000,1.0
0,831,346,575,0,-135,0.0,ExtremistNo,20260617_151410_608816,5,0.05,50,1000,1.0
0,832,633,604,0,-32,0.0,ExtremistNo,20260617_151410_608816,5,0.05,50,1000,1.0
0,833,148,113,0,-78,0.0,ExtremistNo,20260617_151410_608816,5,0.05,50,1000,1.0
0,834,595,143,0,-140,0.0,ExtremistNo,20260617_151410_608816,5,0.05,50,1000,1.0
0,835,103,683,0,-204,0.0,ExtremistNo,20260617_151410_608816,5,0.05,50,1000,1.0
0,836,177,447,0,-165,0.0,ExtremistNo,20260617_151410_608816,5,0.05,50,1000,1.0
0,837,29,434,0,17,0.0,ExtremistNo,20260617_151410_608816,5,0.05,50,1000,1.0
0,838,415,386,0,79,0.0,ExtremistNo,20260617_151410_608816,5,0.05,50,1000,1.0
0,839,617,645,0,-17,0.0,ExtremistNo,20260617_151410_608816,5,0.05,50,1000,1.0
0,840,31,354,0,-209,0.0,ExtremistNo,20260617_151410_608816,5,0.05,50,1000,1.0
0,841,478,360,0,-100,0.0,ExtremistNo,20260617_151410_608816,5,0.05,50,1000,1.0
0,842,625,548,0,-3,0.0,ExtremistNo,20260617_151410_608816,5,0.05,50,1000,1.0
0,843,249,544,0,23,0.0,ExtremistNo,20260617_151410_608816,5,0.05,50,1000,1.0
0,844,164,651,0,40,0.0,ExtremistNo,20260617_151410_608816,5,0.05,50,1000,1.0
0,845,397,148,0,-260,0.0,ExtremistNo,20260617_151410_608816,5,0.05,50,1000,1.0
0,846,356,556,0,-29,0.0,ExtremistNo,20260617_151410_608816,5,0.05,50,1000,1.0
0,847,390,438,0,-33,0.0,ExtremistNo,20260617_151410_608816,5,0.05,50,1000,1.0
0,848,177,600,0,-257,0.0,ExtremistNo,20260617_151410_608816,5,0.05,50,1000,1.0
0,849,27,24,0,-61,0.0,ExtremistNo,20260617_151410_608816,5,0.05,50,1000,1.0
0,850,59,329,0,-259,0.0,ExtremistNo,20260617_151410_608816,5,0.05,50,1000,1.0
0,851,180,582,0,-213,0.0,ExtremistNo,20260617_151410_608816,5,0.05,50,1000,1.0
0,852,690,145,0,61,0.0,ExtremistNo,20260617_151410_608816,5,0.05,50,1000,1.0
0,853,462,580,0,-227,0.0,ExtremistNo,20260617_151410_608816,5,0.05,50,1000,1.0
0,854,139,290,0,-244,0.0,ExtremistNo,20260617_151410_608816,5,0.05,50,1000,1.0
0,855,725,488,0,65,0.0,ExtremistNo,20260617_151410_608816,5,0.05,50,1000,1.0
0,856,626,321,0,-34,0.0,ExtremistNo,20260617_151410_608816,5,0.05,50,1000,1.0
0,857,624,542,0,-269,0.0,ExtremistNo,20260617_151410_608816,5,0.05,50,1000,1.0
0,858,141,549,0,-243,0.0,ExtremistNo,20260617_151410_608816,5,0.05,50,1000,1.0
0,859,198,189,0,-195,0.0,ExtremistNo,20260617_151410_608816,5,0.05,50,1000,1.0
0,860,484,702,0,23,0.0,ExtremistNo,20260617_151410_608816,5,0.05,50,1000,1.0
0,861,362,663,0,58,0.0,ExtremistNo,20260617_151410_608816,5,0.05,50,1000,1.0
0,862,442,741,0,-140,0.0,ExtremistNo,20260617_151410_608816,5,0.05,50,1000,1.0
0,863,114,86,0,-210,0.0,ExtremistNo,20260617_151410_608816,5,0.05,50,1000,1.0
0,864,550,310,0,-100,0.0,ExtremistNo,20260617_151410_608816,5,0.05,50,1000,1.0
0,865,627,19,0,-25,0.0,ExtremistNo,20260617_151410_608816,5,0.05,50,1000,1.0
0,866,198,199,0,-200,0.0,ExtremistNo,20260617_151410_608816,5,0.05,50,1000,1.0
0,867,192,255,0,-100,0.0,ExtremistNo,20260617_151410_608816,5,0.05,50,1000,1.0
0,868,397,739,0,-253,0.0,ExtremistNo,20260617_151410_608816,5,0.05,50,1000,1.0
0,869,101,678,0,-129,0.0,ExtremistNo,20260617_151410_608816,5,0.05,50,1000,1.0
0,870,404,230,0,-194,0.0,ExtremistNo,20260617_151410_608816,5,0.05,50,1000,1.0
0,871,701,427,0,-52,0.0,ExtremistNo,20260617_151410_608816,5,0.05,50,1000,1.0
0,872,279,529,0,-124,0.0,ExtremistNo,20260617_151410_608816,5,0.05,50,1000,1.0
0,873,209,297,0,61,0.0,ExtremistNo,20260617_151410_608816,5,0.05,50,1000,1.0
0,874,304,619,0,-121,0.0,ExtremistNo,20260617_151410_608816,5,0.05,50,1000,1.0
0,875,349,126,0,-229,0.0,ExtremistNo,20260617_151410_608816,5,0.05,50,1000,1.0
0,876,313,288,0,6,0.0,ExtremistNo,20260617_151410_608816,5,0.05,50,1000,1.0
0,877,223,57,0,-8,0.0,ExtremistNo,20260617_151410_608816,5,0.05,50,1000,1.0
0,878,553,39,0,39,0.0,ExtremistNo,20260617_151410_608816,5,0.05,50,1000,1.0
0,879,664,383,0,-214,0.0,ExtremistNo,20260617_151410_608816,5,0.05,50,1000,1.0
0,880,97,217,0,-230,0.0,ExtremistNo,20260617_151410_608816,5,0.05,50,1000,1.0
0,881,685,496,0,59,0.0,ExtremistNo,20260617_151410_608816,5,0.05,50,1000,1.0
0,882,307,52,0,-83,0.0,ExtremistNo,20260617_151410_608816,5,0.05,50,1000,1.0
0,883,274,44,0,-213,0.0,ExtremistNo,20260617_151410_608816,5,0.05,50,1000,1.0
0,884,684,672,0,-112,0.0,ExtremistNo,20260617_151410_608816,5,0.05,50,1000,1.0
0,885,62,736,0,-138,0.0,ExtremistNo,20260617_151410_608816,5,0.05,50,1000,1.0
0,886,227,170,0,-150,0.0,ExtremistNo,20260617_151410_608816,5,0.05,50,1000,1.0
0,887,24,347,0,-165,0.0,ExtremistNo,20260617_151410_608816,5,0.05,50,1000,1.0
0,888,54,368,0,-9,0.0,ExtremistNo,20260617_151410_608816,5,0.05,50,1000,1.0
0,889,591,679,0,-138,0.0,ExtremistNo,20260617_151410_608816,5,0.05,50,1000,1.0
0,890,401,106,0,-48,0.0,ExtremistNo,20260617_151410_608816,5,0.05,50,1000,1.0
0,891,52,580,0,12,0.0,ExtremistNo,20260617_151410_608816,5,0.05,50,1000,1.0
0,892,669,215,0,-198,0.0,ExtremistNo,20260617_151410_608816,5,0.05,50,1000,1.0
0,893,371,178,0,12,0.0,ExtremistNo,20260617_151410_608816,5,0.05,50,1000,1.0
0,894,322,117,0,-267,0.0,ExtremistNo,20260617_151410_608816,5,0.05,50,1000,1.0
0,895,398,525,0,73,0.0,ExtremistNo,20260617_151410_608816,5,0.05,50,1000,1.0
0,896,460,149,0,-221,0.0,ExtremistNo,20260617_151410_608816,5,0.05,50,1000,1.0
0,897,179,589,0,82,0.0,ExtremistNo,20260617_151410_608816,5,0.05,50,1000,1.0
0,898,219,53,0,-159,0.0,ExtremistNo,20260617_151410_608816,5,0.05,50,1000,1.0
0,899,405,172,0,-205,0.0,ExtremistNo,20260617_151410_608816,5,0.05,50,1000,1.0
0,900,671,233,0,-134,0.0,ExtremistNo,20260617_151410_608816,5,0.05,50,1000,1.0
0,901,300,632,0,-168,0.0,ExtremistNo,20260617_151410_608816,5,0.05,50,1000,1.0
0,902,677,408,0,1,0.0,ExtremistNo,20260617_151410_608816,5,0.05,50,1000,1.0
0,903,375,45,0,-211,0.0,ExtremistNo,20260617_151410_608816,5,0.05,50,1000,1.0
0,904,629,686,0,24,0.0,ExtremistNo,20260617_151410_608816,5,0.05,50,1000,1.0
0,905,486,602,0,-29,0.0,ExtremistNo,20260617_151410_608816,5,0.05,50,1000,1.0
0,906,421,123,0,-195,0.0,ExtremistNo,20260617_151410_608816,5,0.05,50,1000,1.0
0,907,385,132,0,-67,0.0,ExtremistNo,20260617_151410_608816,5,0.05,50,1000,1.0
0,908,466,159,0,-91,0.0,ExtremistNo,20260617_151410_608816,5,0.05,50,1000,1.0
0,909,470,466,0,-34,0.0,ExtremistNo,20260617_151410_608816,5,0.05,50,1000,1.0
0,910,238,208,0,-46,0.0,ExtremistNo,20260617_151410_608816,5,0.05,50,1000,1.0
0,911,152,524,0,61,0.0,ExtremistNo,20260617_151410_608816,5,0.05,50,1000,1.0
0,912,149,94,0,-262,0.0,ExtremistNo,20260617_151410_608816,5,0.05,50,1000,1.0
0,913,433,687,0,-148,0.0,ExtremistNo,20260617_151410_608816,5,0.05,50,1000,1.0
0,914,637,424,0,-17,0.0,ExtremistNo,20260617_151410_608816,5,0.05,50,1000,1.0
0,915,248,275,0,-18,0.0,ExtremistNo,20260617_151410_608816,5,0.05,50,1000,1.0
0,916,195,467,0,-55,0.0,ExtremistNo,20260617_151410_608816,5,0.05,50,1000,1.0
0,917,38,424,0,66,0.0,ExtremistNo,20260617_151410_608816,5,0.05,50,1000,1.0
0,918,667,313,0,-8,0.0,ExtremistNo,20260617_151410_608816,5,0.05,50,1000,1.0
0,919,29,679,0,-54,0.0,ExtremistNo,20260617_151410_608816,5,0.05,50,1000,1.0
0,920,608,335,0,15,0.0,ExtremistNo,20260617_151410_608816,5,0.05,50,1000,1.0
0,921,618,167,0,63,0.0,ExtremistNo,20260617_151410_608816,5,0.05,50,1000,1.0
0,922,565,658,0,-156,0.0,ExtremistNo,20260617_151410_608816,5,0.05,50,1000,1.0
0,923,410,382,0,-172,0.0,ExtremistNo,20260617_151410_608816,5,0.05,50,1000,1.0
0,924,632,213,0,-202,0.0,ExtremistNo,20260617_151410_608816,5,0.05,50,1000,1.0
0,925,309,109,0,-11,0.0,ExtremistNo,20260617_151410_608816,5,0.05,50,1000,1.0
0,926,112,76,0,-76,0.0,ExtremistNo,20260617_151410_608816,5,0.05,50,1000,1.0
0,927,264,20,0,-101,0.0,ExtremistNo,20260617_151410_608816,5,0.05,50,1000,1.0
0,928,706,192,0,-146,0.0,ExtremistNo,20260617_151410_608816,5,0.05,50,1000,1.0
0,929,160,9,0,12,0.0,ExtremistNo,20260617_151410_608816,5,0.05,50,1000,1.0
0,930,92,715,0,-101,0.0,ExtremistNo,20260617_151410_608816,5,0.05,50,1000,1.0
0,931,186,35,0,-254,0.0,ExtremistNo,20260617_151410_608816,5,0.05,50,1000,1.0
0,932,236,134,0,39,0.0,ExtremistNo,20260617_151410_608816,5,0.05,50,1000,1.0
0,933,533,257,0,-241,0.0,ExtremistNo,20260617_151410_608816,5,0.05,50,1000,1.0
0,934,140,419,0,68,0.0,ExtremistNo,20260617_151410_608816,5,0.05,50,1000,1.0
0,935,693,697,0,-105,0.0,ExtremistNo,20260617_151410_608816,5,0.05,50,1000,1.0
0,936,354,297,0,63,0.0,ExtremistNo,20260617_151410_608816,5,0.05,50,1000,1.0
0,937,434,531,0,10,0.0,ExtremistNo,20260617_151410_608816,5,0.05,50,1000,1.0
0,938,299,543,0,-244,0.0,ExtremistNo,20260617_151410_608816,5,0.05,50,1000,1.0
0,939,257,181,0,-155,0.0,ExtremistNo,20260617_151410_608816,5,0.05,50,1000,1.0
0,940,648,235,0,-164,0.0,ExtremistNo,20260617_151410_608816,5,0.05,50,1000,1.0
0,941,36,692,0,5,0.0,ExtremistNo,20260617_151410_608816,5,0.05,50,1000,1.0
0,942,557,80,0,-259,0.0,ExtremistNo,20260617_151410_608816,5,0.05,50,1000,1.0
0,943,608,216,0,53,0.0,ExtremistNo,20260617_151410_608816,5,0.05,50,1000,1.0
0,944,288,578,0,-129,0.0,ExtremistNo,20260617_151410_608816,5,0.05,50,1000,1.0
0,945,48,242,0,-4,0.0,ExtremistNo,20260617_151410_608816,5,0.05,50,1000,1.0
0,946,217,64,0,-60,0.0,ExtremistNo,20260617_151410_608816,5,0.05,50,1000,1.0
0,947,616,333,0,-43,0.0,ExtremistNo,20260617_151410_608816,5,0.05,50,1000,1.0
0,948,563,627,0,19,0.0,ExtremistNo,20260617_151410_608816,5,0.05,50,1000,1.0
0,949,548,694,0,-158,0.0,ExtremistNo,20260617_151410_608816,5,0.05,50,1000,1.0
0,950,392,294,0,-14,0.0,ExtremistNo,20260617_151410_608816,5,0.05,50,1000,1.0
0,951,746,603,0,-88,0.0,ExtremistNo,20260617_151410_608816,5,0.05,50,1000,1.0
0,952,669,656,0,-265,0.0,ExtremistNo,20260617_151410_608816,5,0.05,50,1000,1.0
0,953,98,459,0,-262,0.0,ExtremistNo,20260617_151410_608816,5,0.05,50,1000,1.0
0,954,252,427,0,-138,0.0,ExtremistNo,20260617_151410_608816,5,0.05,50,1000,1.0
0,955,482,615,0,89,0.0,ExtremistNo,20260617_151410_608816,5,0.05,50,1000,1.0
0,956,234,715,0,-71,0.0,ExtremistNo,20260617_151410_608816,5,0.05,50,1000,1.0
0,957,261,568,0,-206,0.0,ExtremistNo,20260617_151410_608816,5,0.05,50,1000,1.0
0,958,381,597,0,-81,0.0,ExtremistNo,20260617_151410_608816,5,0.05,50,1000,1.0
0,959,237,462,0,-27,0.0,ExtremistNo,20260617_151410_608816,5,0.05,50,1000,1.0
0,960,16,93,0,-72,0.0,ExtremistNo,20260617_151410_608816,5,0.05,50,1000,1.0
0,961,425,314,0,-40,0.0,ExtremistNo,20260617_151410_608816,5,0.05,50,1000,1.0
0,962,333,103,0,-16,0.0,ExtremistNo,20260617_151410_608816,5,0.05,50,1000,1.0
0,963,570,482,0,-216,0.0,ExtremistNo,20260617_151410_608816,5,0.05,50,1000,1.0
0,964,58,209,0,-268,0.0,ExtremistNo,20260617_151410_608816,5,0.05,50,1000,1.0
0,965,704,515,0,-14,0.0,ExtremistNo,20260617_151410_608816,5,0.05,50,1000,1.0
0,966,559,502,0,-228,0.0,ExtremistNo,20260617_151410_608816,5,0.05,50,1000,1.0
0,967,588,414,0,62,0.0,ExtremistNo,20260617_151410_608816,5,0.05,50,1000,1.0
0,968,193,583,0,76,0.0,ExtremistNo,20260617_151410_608816,5,0.05,50,1000,1.0
0,969,72,473,0,-129,0.0,ExtremistNo,20260617_151410_608816,5,0.05,50,1000,1.0
0,970,657,145,0,-107,0.0,ExtremistNo,20260617_151410_608816,5,0.05,50,1000,1.0
0,971,194,362,0,-258,0.0,ExtremistNo,20260617_151410_608816,5,0.05,50,1000,1.0
0,972,147,407,0,48,0.0,ExtremistNo,20260617_151410_608816,5,0.05,50,1000,1.0
0,973,113,164,0,-80,0.0,ExtremistNo,20260617_151410_608816,5,0.05,50,1000,1.0
0,974,80,10,0,-161,0.0,ExtremistNo,20260617_151410_608816,5,0.05,50,1000,1.0
0,975,723,29,0,-75,0.0,ExtremistNo,20260617_151410_608816,5,0.05,50,1000,1.0
0,976,435,155,0,-30,0.0,ExtremistNo,20260617_151410_608816,5,0.05,50,1000,1.0
0,977,88,479,0,-39,0.0,ExtremistNo,20260617_151410_608816,5,0.05,50,1000,1.0
0,978,524,177,0,28,0.0,ExtremistNo,20260617_151410_608816,5,0.05,50,1000,1.0
0,979,474,221,0,-144,0.0,ExtremistNo,20260617_151410_608816,5,0.05,50,1000,1.0
0,980,554,24,0,52,0.0,ExtremistNo,20260617_151410_608816,5,0.05,50,1000,1.0
0,981,734,301,0,9,0.0,ExtremistNo,20260617_151410_608816,5,0.05,50,1000,1.0
0,982,246,660,0,63,0.0,ExtremistNo,20260617_151410_608816,5,0.05,50,1000,1.0
0,983,75,378,0,-170,0.0,ExtremistNo,20260617_151410_608816,5,0.05,50,1000,1.0
0,984,427,153,0,-260,0.0,ExtremistNo,20260617_151410_608816,5,0.05,50,1000,1.0
0,985,402,291,0,-64,0.0,ExtremistNo,20260617_151410_608816,5,0.05,50,1000,1.0
0,986,29,690,0,8,0.0,ExtremistNo,20260617_151410_608816,5,0.05,50,1000,1.0
0,987,193,339,0,-30,0.0,ExtremistNo,20260617_151410_608816,5,0.05,50,1000,1.0
0,988,596,730,0,-104,0.0,ExtremistNo,20260617_151410_608816,5,0.05,50,1000,1.0
0,989,733,354,0,55,0.0,ExtremistNo,20260617_151410_608816,5,0.05,50,1000,1.0
0,990,633,694,0,-43,0.0,ExtremistNo,20260617_151410_608816,5,0.05,50,1000,1.0
0,991,380,26,0,-255,0.0,ExtremistNo,20260617_151410_608816,5,0.05,50,1000,1.0
0,992,67,436,0,-72,0.0,ExtremistNo,20260617_151410_608816,5,0.05,50,1000,1.0
0,993,130,262,0,53,0.0,ExtremistNo,20260617_151410_608816,5,0.05,50,1000,1.0
0,994,7,301,0,-198,0.0,ExtremistNo,20260617_151410_608816,5,0.05,50,1000,1.0
0,995,538,525,0,-227,0.0,ExtremistNo,20260617_151410_608816,5,0.05,50,1000,1.0
0,996,654,192,0,-79,0.0,ExtremistNo,20260617_151410_608816,5,0.05,50,1000,1.0
0,997,519,591,0,52,0.0,ExtremistNo,20260617_151410_608816,5,0.05,50,1000,1.0
0,998,250,461,0,-141,0.0,ExtremistNo,20260617_151410_608816,5,0.05,50,1000,1.0
0,999,686,312,0,-203,0.0,ExtremistNo,20260617_151410_608816,5,0.05,50,1000,1.0
